"30937, Veisepraad kondita, KARNI, kg","31097, Lihaveise Picanha steik (laagerdatud ), RAKVERE LK, 400 g","7657, Veise pipraliha, KARNI, 120 g","2921450, Veiseliha rohumaaveise puljongis, LIIVIMAA LIHAVEIS, 330 g","33435, Lihaveise liha omas mahlas, LIIVIMAA LIHAVEIS, 240 g","33436, Vürtsikas lihaveise liha, LIIVIMAA LIHAVEIS, 240 g","30240, Veise antrekoot, RAKVERE LK, kg","30830, Mahe lihaveise hakkliha, LIIVIMAA LIHAVEIS, 500 g","30831, Mahe lihaveise lihalõiked, LIIVIMAA LIHAVEIS, 390 g","30846, Mahe rohumaaveise osso bucco, LIIVIMAA LIHAVEIS, kg","31095, Lihaveise sisefilee steik (laagerdatud), RAKVERE LK, 360 g","31096, Lihaveise Ribeye steik (laagerdatud), RAKVERE LK, 400 g","31098, Lihaveise välisfilee steik, RAKVERE LK, 360 g","18961, Veise välisfilee, RAKVERE LK, kg","31100, Veise abaliha kondita, RAKVERE LK, kg","32931, Mahe rohumaaveise minutisteik, LIIVIMAA LIHAVEIS, kg","19912, Lihaveise täissuitsuvorst, RANNAROOTSI, 240 g","33432, Kvaliteetviiner lihaveise- ja seafileest Fitlap, MATSIMOKA, 284 g","Mahe lihaveise hakkliha 500 g, LIIVIMAA LIHAVEIS","Veise guljass 270 g, SAAREMAA","Veisepraad kondita tagaosa sisetükk, kg, RAKVERE","Veise keel, kg, RAKVERE","Lihaveise böfstrooganov 270 g, SAAREMAA","Mahe lihaveise lihalõiked 390 g, LIIVIMAA LIHAVEIS","Lihaveise välisfilee steik 360 g, RAKVERE","Lihaveise sisetüki steik 360 g, RAKVERE","Lihaveise picanha steik 400 g, RAKVERE","Mahe lihaveise esiselja steik kg, LIIVIMAA LIHAVEIS","Mahe rohumaaveise osso buco, kg, LIIVIMAA LIHAVEIS","Mahe lihaveise pajakuubikud 390 g, LIIVIMAA LIHAVEIS","Lihaveise Brisket steik 360 g, RAKVERE","Lihaveise Hanger steik 250 g, RAKVERE","Lihaveise sisefilee steik 360 g, RAKVERE","Veise pipraliha 120 g, KARNI","Veise sudzuk original 50 g, ARMEENIA GRILL","Veise basturma klassikaline  50 g, ARMEENIA GRILL","Veise keel RAKVERE,kg","Sea- ja veise hakkliha BEST BUTCHER,450g",Kiisueine veise ja porg. PERFECT FIT 85g,Kassikons.GOURMET GOLD Heart veise 85g,Liivimaa Mahe veise esiselja steik ~450g,Liivimaa Mahe lihaveise hakkliha 500g jahutatud,Rannarootsi Eesti lihaveise täissuitsuvorst 240g,Rakvere Veise abaliha ~800g kondita jahutatud,Rakvere veisepraad kondita ~800g,Liivimaa Mahe lihaveise hakkliha 500g külmutatud,"284305, Mahe lihaveise hakkliha kg Hiiumaa","260080, Veise välisfilee M&M kg","975900, Mahe rohumaaveise hakkliha 500g","292489, Saaremaa lihaveise konserv 300g","809826, Veise välisfilee steik Rimi 200g","278053, Veise koot","809825, Veise antrekoodi steik Rimi 200g","258118, Veisepraad kondita","7237526, Kuivt. PerfectFit veise täisk. kass 750g","7237528, Kuivt. PerfectFit veise täisk. kass 750g","934547, Mahe rohumaaveise osso buco kg","963599, Viiner lihaveise- ja seafileest 284g","928257, Mahe rohumaaveise ahjupraad kg","979052, Lihaveise snäkk Linnamäe 85g","951623, Lihaveise Mock Tender steik 360g","808083, Veise antrekoot steik Selection 200g","951622, Lihaveise Flank steik 400g",Karni Osso Bucco Lihaveise koodilõik ~500g,"929268, Lihaveise täissuitsuv. Rannarootsi 240g","975914, Mahe rohumaaveise esiselja steik kg","809910, Veise tagaosasteik Selection 200g","5293832, Toorvorstid rohumaaveise BBQ-suitsused, LIIVIMAA LIHAVEIS, 400 g","987005, Mahe rohumaaveise lihalõiked 390g","975906, Mahe rohumaaveise minutisteik kg",Liivimaa Mahe rohumaaveise sisefilee steik 360g,"987731, Veise grill-steik küüsl.ja chimichurriga kg","5681596, Rohumaaveise grill-steik küüslauguõli ja chimichurriga, LIIVIMAA LIHAVEIS, kg","986832, Viiner lihaveise- ja seafileest 250g","Lihaveise täissuitsuvorst 240 g, RANNAROOTSI","5742571, Kvaliteetviiner lihaveise- ja seafileest Fitlap, MATSIMOKA, 250 g",Liivimaa Rohumaaveise grill-steik ürdi-pipra ~600g,"Lihaveise guljašš 270 g, SAAREMAA"
12.99,11.99,2.49,3.19,2.99,2.99,14.99,4.49,6.99,11.99,17.99,13.59,11.59,19.99,14.49,21.9,3.19,3.99,4.59,2.95,13.99,8.59,4.99,5.99,9.59,8.89,10.99,18.99,12.99,6.39,6.49,4.79,16.99,2.09,2.99,2.99,8.99,1.79,0.85,0.62,19.99,4.29,3.25,13.49,14.49,5.09,9.49,15.99,4.19,4.95,6.49,7.99,6.49,12.99,4.99,4.99,10.99,3.89,14.99,1.99,8.99,7.99,8.79,7.99,2.99,17.99,6.99,4.99,5.99,18.99,22.49,24.99,19.99,3.89,2.89,3.99,20.99,4.99
12.99,11.99,2.49,3.19,2.99,2.99,14.99,4.49,6.99,11.99,17.99,13.59,11.59,19.99,14.49,21.9,3.19,3.99,4.59,2.95,13.99,8.59,4.99,5.99,9.59,8.89,10.99,18.99,12.99,6.39,6.49,4.79,16.99,2.09,2.99,2.99,8.99,1.79,0.85,0.62,19.99,4.29,3.25,13.49,14.49,5.09,9.49,15.99,4.19,4.95,6.49,7.99,6.49,12.99,4.99,4.99,10.99,3.89,14.99,1.99,8.99,7.99,8.79,7.99,2.99,17.99,6.99,4.99,5.99,18.99,22.49,24.99,19.99,3.89,2.89,3.99,20.99,4.99
12.99,11.99,2.49,3.19,2.99,2.99,14.99,4.49,6.99,11.99,17.99,13.59,11.59,19.99,14.49,21.9,3.19,3.99,4.59,2.95,13.99,8.59,4.99,5.99,9.59,8.89,10.99,18.99,12.99,6.39,6.49,4.79,16.99,2.09,2.99,2.99,8.99,1.79,0.85,0.62,19.99,4.29,3.25,13.49,14.49,5.09,9.49,15.99,4.19,4.95,6.99,7.99,6.49,12.99,4.99,4.99,10.99,3.89,14.99,1.99,8.99,7.99,8.79,7.99,2.99,17.99,6.99,4.99,5.99,18.99,22.49,24.99,19.99,3.89,2.89,3.99,20.99,4.99
12.99,11.99,2.49,3.19,2.99,2.99,14.99,4.49,6.99,11.99,17.99,13.59,11.59,19.99,14.49,21.9,3.19,3.99,4.59,2.95,13.99,8.59,4.99,5.99,9.59,8.89,10.99,18.99,12.99,6.39,6.49,4.79,16.99,2.09,2.99,2.99,8.99,1.79,0.85,0.73,19.99,4.29,3.25,13.49,14.49,5.09,9.49,15.99,4.19,4.95,6.99,7.99,6.99,14.29,4.99,4.99,10.99,3.89,14.99,1.99,9.59,7.99,8.79,7.99,2.99,17.99,6.99,4.99,5.99,18.99,22.49,24.99,19.99,3.89,2.89,3.99,20.99,4.99
12.99,11.99,2.49,3.19,2.99,2.99,14.99,4.49,6.99,11.99,17.99,13.59,11.59,19.99,14.49,21.9,3.19,3.99,4.59,2.95,13.99,8.59,4.99,5.99,9.59,8.89,10.99,18.99,12.99,6.39,6.49,4.79,16.99,2.09,2.99,2.99,8.99,1.79,0.85,0.73,19.99,4.29,3.25,13.49,14.49,5.09,9.49,15.99,4.19,4.95,6.99,7.99,6.99,14.29,4.99,4.99,10.99,3.89,14.99,1.99,9.59,7.99,8.79,7.99,2.99,17.99,6.99,4.99,5.99,18.99,22.49,24.99,19.99,3.89,2.89,3.99,20.99,4.99
12.99,11.99,2.49,3.19,2.99,2.99,14.99,4.49,6.99,11.99,17.99,13.59,11.59,19.99,14.49,21.9,3.19,3.99,4.59,2.95,13.99,8.59,4.99,5.99,9.59,8.89,10.99,18.99,12.99,6.39,6.49,4.79,16.99,2.09,2.99,2.99,8.99,1.79,0.85,0.73,19.99,4.29,3.25,13.49,14.49,5.09,9.49,15.99,4.19,4.95,6.99,7.99,6.99,14.29,4.99,4.99,10.99,3.89,14.99,1.99,9.59,7.99,8.79,7.99,2.99,17.99,6.99,4.99,5.99,18.99,22.49,24.99,19.99,3.89,2.89,3.99,20.99,4.99
12.99,11.99,2.49,3.19,2.99,2.99,14.99,4.49,6.99,11.99,17.99,13.59,11.59,19.99,14.49,21.9,3.19,3.99,4.59,2.95,13.99,8.59,4.99,5.99,9.59,8.89,10.99,18.99,12.99,6.39,6.49,4.79,16.99,2.09,2.99,2.99,8.99,1.79,0.85,0.73,19.99,4.29,3.25,13.49,14.49,5.09,9.49,15.99,4.19,4.95,6.99,7.99,6.99,14.29,4.99,4.99,10.99,3.89,14.99,1.99,9.59,8.99,8.79,7.99,2.99,17.99,6.99,4.99,5.99,18.99,22.49,24.99,19.99,3.89,2.89,3.99,20.99,4.99
12.99,11.99,2.49,3.19,2.99,2.99,14.99,4.49,6.99,11.99,17.99,13.59,11.59,19.99,14.49,21.9,3.19,3.99,4.59,2.95,13.99,8.59,4.99,5.99,9.59,8.89,10.99,18.99,12.99,6.39,6.49,4.79,16.99,2.09,2.99,2.99,8.99,1.79,0.85,0.73,19.99,4.29,3.25,13.49,14.49,5.09,9.49,15.99,4.19,4.95,6.99,7.99,6.99,14.29,4.99,4.99,10.99,3.89,14.99,1.99,9.59,8.99,8.79,7.99,2.99,17.99,6.99,4.99,5.99,18.99,22.49,24.99,19.99,3.89,2.89,3.99,20.99,4.99
12.99,11.99,2.49,3.19,2.99,2.99,14.99,4.49,6.99,11.99,17.99,13.59,11.59,19.99,14.49,21.9,3.19,3.99,4.59,2.95,13.99,8.59,4.99,5.99,9.59,8.89,10.99,18.99,12.99,6.39,6.49,4.79,16.99,2.09,2.99,2.99,8.99,1.79,0.85,0.73,19.99,4.29,3.25,13.49,14.49,5.09,9.49,15.99,4.19,4.95,6.99,7.99,6.99,14.29,4.99,4.99,10.99,3.89,14.99,1.99,9.59,8.99,8.79,7.99,2.99,17.99,6.99,4.99,5.99,18.99,22.49,24.99,19.99,3.89,2.89,3.99,20.99,4.99
12.99,11.99,2.49,3.19,2.99,2.99,14.99,4.49,6.99,11.99,17.99,13.59,11.59,19.99,14.49,21.9,3.19,3.99,4.59,2.95,13.99,8.59,4.99,5.99,9.59,8.89,10.99,18.99,12.99,6.39,6.49,4.79,16.99,2.09,2.99,2.99,8.99,1.79,0.85,0.73,19.99,4.29,3.25,13.49,14.49,5.09,9.49,15.99,4.19,4.95,6.99,7.99,6.99,14.29,4.99,4.99,10.99,3.89,14.99,1.99,9.59,8.99,8.79,7.99,2.99,17.99,6.99,4.99,5.99,18.99,22.49,24.99,19.99,3.89,2.89,3.99,20.99,4.99
12.99,11.99,2.49,3.19,2.99,2.99,14.99,4.49,6.99,11.99,17.99,13.59,11.59,19.99,14.49,21.9,3.19,3.99,4.59,2.95,13.99,8.59,4.99,5.99,9.59,8.89,10.99,18.99,12.99,6.39,6.49,4.79,16.99,2.09,2.99,2.99,8.99,1.79,0.85,0.73,19.99,4.29,3.25,13.49,14.49,5.09,9.49,15.99,4.19,4.95,6.99,7.99,6.99,14.29,4.99,4.99,10.99,3.89,14.99,1.99,9.59,8.99,8.79,7.99,2.99,17.99,6.99,4.99,5.99,18.99,22.49,24.99,19.99,3.89,2.89,3.99,20.99,4.99
12.99,11.99,2.49,3.19,2.99,2.99,14.99,4.49,6.99,11.99,17.99,13.59,11.59,19.99,14.49,21.9,3.19,3.99,4.59,2.95,13.99,8.59,4.99,5.99,9.59,8.89,10.99,18.99,12.99,6.39,6.49,4.79,16.99,2.09,2.99,2.99,8.99,1.79,0.85,0.73,19.99,4.29,3.25,13.49,14.49,5.09,9.49,15.99,4.19,4.95,6.99,7.99,6.99,14.29,4.99,4.99,10.99,3.89,14.99,1.99,9.59,8.99,8.79,7.99,2.99,17.99,6.99,4.99,5.99,18.99,22.49,24.99,19.99,3.89,2.89,3.99,20.99,4.99
12.99,11.99,2.49,3.19,2.99,2.99,14.99,4.49,6.99,11.99,17.99,13.59,11.59,19.99,14.49,21.9,3.19,3.99,4.59,2.95,13.99,8.59,4.99,5.99,9.59,8.89,10.99,18.99,12.99,6.39,6.49,4.79,16.99,2.09,2.99,2.99,8.99,1.79,0.85,0.73,19.99,4.29,3.25,13.49,14.49,5.09,9.49,15.99,4.19,4.95,6.99,7.99,6.99,14.29,4.99,4.99,10.99,3.89,14.99,1.99,9.59,8.99,8.79,7.99,2.99,17.99,6.99,4.99,5.99,18.99,22.49,24.99,19.99,3.89,2.89,3.99,20.99,4.99
12.99,11.99,2.49,3.19,2.99,2.99,14.99,4.49,6.99,11.99,17.99,13.59,11.59,19.99,14.49,21.9,3.19,3.99,4.59,2.95,13.99,8.59,4.99,5.99,9.59,8.89,10.99,18.99,12.99,6.39,6.49,4.79,16.99,2.09,2.99,2.99,8.99,1.79,0.85,0.73,19.99,4.29,3.25,13.49,14.49,5.09,9.49,15.99,4.19,4.95,6.99,7.99,6.99,14.29,4.99,4.99,10.99,3.89,14.99,1.99,9.59,8.99,8.79,7.99,2.99,17.99,6.99,4.99,5.99,18.99,22.49,24.99,19.99,3.89,2.89,3.99,20.99,4.99
12.99,11.99,2.49,3.19,2.99,2.99,14.99,4.49,6.99,11.99,17.99,13.59,11.59,19.99,14.49,21.9,3.19,3.99,4.59,2.95,13.99,8.59,4.99,5.99,9.59,8.89,10.99,18.99,12.99,6.39,6.49,4.79,16.99,2.09,2.99,2.99,8.99,1.79,0.59,0.73,19.99,4.29,3.25,13.49,14.49,5.09,9.49,15.99,4.19,4.95,6.99,7.99,6.99,14.29,4.99,4.99,10.99,3.89,14.99,1.99,9.59,8.99,8.79,7.99,2.99,17.99,6.99,4.99,5.99,18.99,22.49,24.99,19.99,3.89,2.89,3.99,20.99,4.99
12.99,11.99,2.49,3.19,2.99,2.99,14.99,4.49,6.99,11.99,17.99,13.59,11.59,19.99,14.49,21.9,3.19,3.99,4.59,2.95,13.99,8.59,4.99,5.99,9.59,8.89,10.99,18.99,12.99,6.39,6.49,4.79,16.99,2.09,2.99,2.99,8.99,1.79,0.59,0.73,19.99,4.29,3.25,13.49,14.49,5.09,9.49,15.99,4.19,4.95,6.99,7.99,6.99,14.29,4.99,4.99,10.99,3.89,14.99,1.99,9.59,8.99,8.79,7.99,2.99,17.99,6.99,4.99,5.99,18.99,22.49,24.99,19.99,3.89,2.89,3.99,20.99,4.99
12.99,11.99,2.49,3.19,2.99,2.99,14.99,4.49,6.99,11.99,17.99,13.59,11.59,19.99,14.49,21.9,3.19,3.99,4.59,2.95,13.99,8.59,4.99,5.99,9.59,8.89,10.99,18.99,12.99,6.39,6.49,4.79,16.99,2.09,2.99,2.99,8.99,1.79,0.59,0.73,19.99,4.29,3.25,13.49,14.49,5.09,9.49,15.99,4.19,4.95,6.99,7.99,6.99,14.29,4.99,4.99,10.99,3.89,14.99,1.99,9.59,8.99,8.79,7.99,2.99,17.99,6.99,4.99,5.99,18.99,22.49,24.99,19.99,3.89,2.89,3.99,20.99,4.99
16.99,11.99,2.49,3.19,2.99,2.99,15.99,4.49,6.99,11.99,17.99,13.59,11.59,20.9,14.99,21.9,3.19,3.99,4.59,2.95,13.99,8.59,4.99,5.99,9.59,8.89,10.99,18.99,12.99,6.39,6.49,4.79,16.99,2.09,2.99,2.99,8.99,1.79,0.59,0.73,19.99,4.29,3.25,13.49,14.49,5.09,9.49,15.99,4.19,4.95,6.99,7.99,6.99,14.29,4.99,4.99,10.99,3.89,14.99,1.99,9.59,8.99,8.79,7.99,2.99,17.99,6.99,4.99,5.99,18.99,22.49,24.99,19.99,3.89,2.89,3.99,20.99,4.99
16.99,11.99,2.49,3.19,2.99,2.99,15.99,4.49,6.99,11.99,17.99,13.59,11.59,20.9,14.99,21.9,3.19,3.99,4.59,2.95,13.99,8.59,4.99,5.99,9.59,8.89,10.99,18.99,12.99,6.39,6.49,4.79,16.99,2.09,2.99,2.99,8.99,1.79,0.59,0.73,19.99,4.29,3.25,13.49,14.49,5.09,9.49,15.99,4.19,4.95,6.99,7.99,6.99,14.29,4.99,4.99,10.99,3.89,14.99,1.99,9.59,8.99,8.79,7.99,2.99,17.99,6.99,4.99,5.99,18.99,22.49,24.99,19.99,3.89,2.89,3.99,20.99,4.99
16.99,11.99,2.49,3.19,2.99,2.99,15.99,4.49,6.99,11.99,17.99,13.59,11.59,20.9,14.99,21.9,3.19,3.99,4.59,2.95,13.99,8.59,4.99,5.99,9.59,8.89,10.99,18.99,12.99,6.39,6.49,4.79,16.99,2.09,2.99,2.99,8.99,1.79,0.59,0.73,19.99,4.29,3.25,13.49,14.49,5.09,9.49,15.99,4.19,4.95,6.99,7.99,6.99,14.29,4.99,4.99,10.99,3.89,14.99,1.99,9.59,8.99,8.79,7.99,2.99,17.99,6.99,4.99,5.99,18.99,22.49,24.99,19.99,3.89,2.89,3.99,20.99,4.99
16.99,11.99,2.49,3.19,2.99,2.99,15.99,4.49,6.99,11.99,17.99,13.59,11.59,20.9,14.99,21.9,3.19,3.99,4.59,2.95,13.99,8.59,4.99,5.99,9.59,8.89,10.99,18.99,12.99,6.39,6.49,4.79,16.99,2.09,2.99,2.99,8.99,1.79,0.59,0.39,19.99,4.29,3.25,13.49,14.49,5.09,9.49,15.99,4.19,4.95,6.99,7.99,6.99,14.29,4.99,4.99,10.99,3.89,14.99,1.99,9.59,8.99,8.79,7.99,2.99,17.99,6.99,4.99,5.99,18.99,22.49,24.99,19.99,3.89,2.89,3.99,20.99,4.99
16.99,11.99,2.49,3.19,2.99,2.99,15.99,4.49,6.99,11.99,17.99,13.59,11.59,20.9,14.99,21.9,3.19,3.99,4.59,2.95,13.99,8.59,4.99,5.99,9.59,8.89,10.99,18.99,12.99,6.39,6.49,4.79,16.99,2.09,2.99,2.99,8.99,1.79,0.85,0.39,19.99,4.29,3.25,13.49,14.49,5.09,9.49,15.99,4.19,4.95,6.99,7.99,6.99,14.29,4.99,4.99,10.99,3.89,14.99,1.99,9.59,8.99,8.79,7.99,2.99,17.99,6.99,4.99,5.99,18.99,22.49,24.99,19.99,3.89,2.89,3.99,20.99,4.99
16.99,11.99,2.49,3.19,2.99,2.99,15.99,4.49,6.99,11.99,17.99,13.59,11.59,20.9,14.99,21.9,3.19,3.99,4.59,2.95,13.99,8.59,4.99,5.99,9.59,8.89,10.99,18.99,12.99,6.39,6.49,4.79,16.99,2.09,2.99,2.99,8.99,1.79,0.85,0.39,19.99,4.29,3.25,13.49,14.49,5.09,9.49,15.99,4.19,4.95,6.99,7.99,6.99,14.29,4.99,4.99,10.99,3.89,14.99,1.99,9.59,8.99,8.79,7.99,2.99,17.99,6.99,4.99,5.99,18.99,22.49,24.99,19.99,3.89,2.89,3.99,20.99,4.99
16.99,11.99,2.49,3.19,2.99,2.99,15.99,4.49,6.99,11.99,17.99,13.59,11.59,20.9,14.99,21.9,3.19,3.99,4.59,2.95,13.99,8.59,4.99,5.99,9.59,8.89,10.99,18.99,12.99,6.39,6.49,4.79,16.99,2.09,2.99,2.99,8.99,1.79,0.85,0.39,19.99,4.29,3.25,13.49,14.49,5.09,9.49,15.99,4.19,4.95,6.99,7.99,6.99,14.29,4.99,4.99,10.99,3.89,14.99,1.99,9.59,8.99,8.79,7.99,2.99,17.99,6.99,4.99,5.99,18.99,22.49,24.99,19.99,3.89,2.89,3.99,20.99,4.99
16.99,11.99,2.49,3.19,2.99,2.99,15.99,4.49,6.99,11.99,17.99,13.59,11.59,20.9,14.99,21.9,3.19,3.99,4.59,2.95,13.99,8.59,4.99,5.99,9.59,8.89,10.99,18.99,12.99,6.39,6.49,4.79,16.99,2.09,2.99,2.99,8.99,1.79,0.85,0.39,19.99,4.29,3.25,13.49,14.49,5.09,9.49,15.99,4.19,4.95,6.99,7.99,6.99,14.29,4.99,4.99,10.99,3.89,14.99,1.99,9.59,8.99,8.79,7.99,2.99,17.99,6.99,4.99,5.99,18.99,22.49,24.99,19.99,3.89,2.89,3.99,20.99,4.99
16.99,11.99,2.49,3.19,2.99,2.99,15.99,4.49,6.99,11.99,17.99,13.59,11.59,20.9,14.99,21.9,3.19,3.99,4.59,2.95,13.99,8.59,4.99,5.99,9.59,8.89,10.99,18.99,12.99,6.39,6.49,4.79,16.99,2.09,2.99,2.99,8.99,1.79,0.85,0.39,19.99,4.29,3.25,13.49,14.49,5.09,9.49,15.99,4.19,4.95,6.99,7.99,6.99,14.29,4.99,4.99,10.99,3.89,14.99,1.99,9.59,8.99,8.79,7.99,2.99,17.99,6.99,4.99,5.99,18.99,22.49,24.99,19.99,3.89,2.89,3.99,20.99,4.99
16.99,11.99,2.49,3.19,2.99,2.99,15.99,4.49,6.99,11.99,17.99,13.59,11.59,20.9,14.99,21.9,3.19,3.99,4.59,2.95,13.99,8.59,4.99,5.99,9.59,8.89,10.99,18.99,12.99,6.39,6.49,4.79,16.99,2.09,2.99,2.99,8.99,1.79,0.85,0.39,19.99,4.29,3.25,13.49,14.49,5.09,9.49,15.99,4.19,4.95,6.99,7.99,6.99,14.29,4.99,4.99,10.99,3.89,14.99,1.99,9.59,8.99,8.79,7.99,2.99,17.99,6.99,4.99,5.99,18.99,22.49,24.99,19.99,3.89,2.89,3.99,20.99,4.99
16.99,11.99,2.49,3.19,2.99,2.99,15.99,4.49,6.99,11.99,17.99,13.59,11.59,20.9,14.99,21.9,3.19,3.99,4.59,2.95,13.99,8.59,4.99,5.99,9.59,8.89,10.99,18.99,12.99,6.39,6.49,4.79,16.99,2.09,2.99,2.99,8.99,1.79,0.85,0.39,19.99,4.29,3.25,13.49,14.49,5.09,9.49,15.99,4.19,4.95,6.99,7.99,6.99,14.29,4.99,4.99,10.99,3.89,14.99,1.99,9.59,8.99,8.79,7.99,2.99,17.99,6.99,4.99,5.99,18.99,22.49,24.99,19.99,3.89,2.89,3.99,20.99,4.99
16.99,11.99,2.49,3.19,2.99,2.99,15.99,4.49,6.99,11.99,17.99,13.59,11.59,20.9,14.99,21.9,3.19,3.99,4.59,2.95,13.99,8.59,4.99,5.99,9.59,8.89,10.99,18.99,12.99,6.39,6.49,4.79,16.99,2.09,2.99,2.99,8.99,1.79,0.85,0.39,19.99,4.29,3.25,13.49,14.49,5.09,9.49,15.99,4.19,4.95,6.99,7.99,6.99,14.29,4.99,4.99,10.99,3.89,14.99,1.99,9.59,8.99,8.79,7.99,2.99,17.99,6.99,4.99,5.99,18.99,22.49,24.99,19.99,3.89,2.89,3.99,20.99,4.99
16.99,11.99,2.49,3.19,2.99,2.99,15.99,4.49,6.99,11.99,17.99,13.59,11.59,20.9,14.99,21.9,3.19,3.99,4.59,2.95,13.99,8.59,4.99,5.99,9.59,8.89,10.99,18.99,12.99,6.39,6.49,4.79,16.99,2.09,2.99,2.99,8.99,1.79,0.85,0.39,19.99,4.29,3.25,13.49,14.49,5.09,9.49,15.99,4.19,4.95,6.99,7.99,6.99,14.29,4.99,4.99,10.99,3.89,14.99,1.99,9.59,8.99,8.79,7.99,2.99,17.99,6.99,4.99,5.99,18.99,22.49,24.99,19.99,3.89,2.89,3.99,20.99,4.99
16.99,11.99,2.49,3.19,2.99,2.99,15.99,4.49,6.99,11.99,17.99,13.59,11.59,20.9,14.99,21.9,3.19,3.99,4.59,2.95,13.99,8.59,4.99,5.99,9.59,8.89,10.99,18.99,12.99,6.39,6.49,4.79,16.99,2.09,2.99,2.99,8.99,1.79,0.85,0.69,19.99,4.29,3.25,13.49,14.49,5.09,9.49,15.99,4.19,4.95,6.99,7.99,6.99,14.29,4.99,4.99,10.99,3.89,14.99,1.99,9.59,8.99,8.79,7.99,2.99,17.99,6.99,4.99,5.99,18.99,22.49,24.99,19.99,3.89,2.89,3.99,20.99,4.99
16.99,11.99,2.49,3.19,2.99,2.99,15.99,4.49,6.99,11.99,17.99,13.59,11.59,20.9,14.99,21.9,3.19,3.99,4.59,2.95,13.99,8.59,4.99,5.99,9.59,8.89,10.99,18.99,12.99,6.39,6.49,4.79,16.99,2.09,2.99,2.99,8.99,1.79,0.85,0.69,19.99,4.29,3.25,13.49,14.49,5.09,9.49,15.99,4.19,4.95,6.99,7.99,6.99,14.29,4.99,4.99,10.99,3.89,14.99,1.99,9.59,8.99,8.79,7.99,2.99,17.99,6.99,4.99,5.99,18.99,22.49,24.99,19.99,3.89,2.89,3.99,20.99,4.99
16.99,11.99,2.49,3.19,2.99,2.99,15.99,4.49,6.99,11.99,17.99,13.59,11.59,20.9,14.99,21.9,3.19,3.99,4.59,2.95,13.99,8.59,4.99,5.99,9.59,8.89,10.99,18.99,12.99,6.39,6.49,4.79,16.99,2.09,2.99,2.99,8.99,1.79,0.85,0.69,19.99,4.29,3.25,13.49,14.49,5.09,9.49,15.99,4.19,4.95,6.99,7.99,6.99,14.29,4.99,4.99,10.99,3.89,14.99,1.99,9.99,8.99,8.79,7.99,2.99,17.99,6.99,4.99,5.99,18.99,22.49,24.99,19.99,3.89,2.89,3.99,20.99,4.99
16.99,11.99,2.49,3.19,2.99,2.99,15.99,4.49,6.99,11.99,17.99,13.59,11.59,20.9,14.99,21.9,3.19,3.99,4.59,2.95,13.99,8.59,4.99,5.99,9.59,8.89,10.99,18.99,12.99,6.39,6.49,4.79,16.99,2.09,2.99,2.99,8.99,1.79,0.85,0.69,19.99,4.29,3.25,13.49,14.49,5.09,9.49,15.99,4.19,4.95,6.99,7.99,6.99,14.29,4.99,4.99,10.99,3.89,14.99,1.99,9.99,8.99,8.79,7.99,2.99,17.99,6.99,4.99,5.99,18.99,22.49,24.99,19.99,3.89,2.89,3.99,20.99,4.99
16.99,11.99,2.49,3.19,2.99,2.99,15.99,4.49,6.99,11.99,17.99,13.59,11.59,20.9,14.99,21.9,3.19,3.99,4.59,2.95,13.99,8.59,4.99,5.99,9.59,8.89,10.99,18.99,12.99,6.39,6.49,4.79,16.99,2.09,2.99,2.99,8.99,1.79,0.85,0.69,19.99,4.29,3.25,13.49,14.49,5.09,9.49,15.99,4.19,4.95,6.99,7.99,6.99,14.29,4.99,4.99,10.99,3.89,14.99,1.99,9.99,8.99,8.79,7.99,2.99,17.99,6.99,4.99,5.99,18.99,22.49,24.99,19.99,3.89,2.89,3.99,20.99,4.99
16.99,11.99,2.49,3.19,2.99,2.99,15.99,4.49,6.99,11.99,17.99,13.59,11.59,20.9,14.99,21.9,3.19,3.99,4.59,2.95,13.99,8.59,4.99,5.99,9.59,8.89,10.99,18.99,12.99,6.39,6.49,4.79,16.99,2.09,2.99,2.99,8.99,1.79,0.85,0.69,19.99,4.29,3.25,13.49,14.49,5.09,9.49,15.99,4.19,4.95,6.99,7.99,6.99,14.29,4.99,4.99,10.99,3.89,14.99,1.99,9.99,8.99,8.79,7.99,2.99,17.99,6.99,4.99,5.99,18.99,22.49,24.99,19.99,3.89,2.89,3.99,20.99,4.99
16.99,11.99,2.49,3.19,2.99,2.99,15.99,4.49,6.99,11.99,17.99,13.59,11.59,20.9,14.99,21.9,3.19,3.99,4.59,2.95,13.99,8.59,4.99,5.99,9.59,8.89,10.99,18.99,12.99,6.39,6.49,4.79,16.99,2.09,2.99,2.99,8.99,1.79,0.85,0.69,19.99,4.29,3.25,13.99,14.49,5.09,9.49,15.99,4.19,4.95,6.99,7.99,6.99,14.29,4.99,4.99,10.99,3.89,14.99,1.99,9.99,8.99,8.79,7.99,2.99,17.99,6.99,4.99,5.99,18.99,22.49,24.99,19.99,3.89,2.89,3.99,20.99,4.99
16.99,11.99,2.49,3.19,2.99,2.99,15.99,4.49,6.99,11.99,17.99,13.59,11.59,20.9,14.99,21.9,3.19,3.99,4.59,2.95,13.99,8.59,4.99,5.99,9.59,8.89,10.99,18.99,12.99,6.39,6.49,4.79,16.99,2.09,2.99,2.99,8.99,1.79,0.85,0.69,19.99,4.29,3.25,13.99,14.49,5.09,9.49,15.99,4.19,4.95,6.99,7.99,6.99,14.29,4.99,4.99,10.99,3.89,14.99,1.99,9.99,8.99,8.79,7.99,2.99,17.99,6.99,4.99,5.99,18.99,22.49,24.99,19.99,3.89,2.89,3.99,20.99,4.99
16.99,11.99,2.49,3.19,2.99,2.99,15.99,4.49,6.99,11.99,17.99,13.59,11.59,20.9,14.99,21.9,3.19,3.99,5.89,2.95,13.99,10.99,4.99,6.99,10.99,9.49,11.99,18.99,12.99,6.39,6.49,4.99,17.99,2.39,2.99,2.99,8.99,1.79,0.85,0.69,19.99,4.29,3.25,13.99,14.49,5.09,9.49,15.99,4.19,4.95,6.99,7.99,6.99,14.29,4.99,4.99,10.99,3.89,14.99,1.99,9.99,8.99,8.79,7.99,2.99,17.99,6.99,4.99,5.99,18.99,22.49,24.99,19.99,3.89,2.89,3.99,20.99,4.99
16.99,11.99,2.49,3.19,2.99,2.99,16.99,5.59,7.99,11.99,18.99,13.99,11.99,24.9,15.99,24.9,3.19,3.99,5.89,2.95,13.99,10.99,4.99,6.99,10.99,9.49,11.99,18.99,12.99,6.39,6.49,4.99,17.99,2.39,2.99,2.99,8.99,1.79,0.85,0.69,19.99,4.29,3.25,13.99,14.49,5.09,9.49,15.99,4.19,4.95,6.99,7.99,6.99,15.99,4.99,4.99,10.99,3.89,14.99,1.99,9.99,8.99,8.79,7.99,2.99,17.99,6.99,4.99,5.99,18.99,22.49,24.99,19.99,3.89,2.89,3.99,20.99,4.99
