"33660, Õrrekanamunad L, ÕNNELIKE ÕRREKANADE MUNAD, 10 tk","31431, Kanamunad M6, MUNALIISA, 6 tk","26636, Mahe kanamuna M, KIKERIKII ÖKOMUNA, 10 tk","33661, Mahe kanamuna L, KIKERIKII ÖKOMUNAD, 10 tk","30717, Mahemunad valged, 6tk","8446, Munad M10, SELVER, 10 tk, valged munad","30798, Tervisemunad M10, EGGO, 10 tk, valged munad","32054, Õnnelike õrrekanade munad M, ÕNNELIKE ÕRREKANADE MUNAD, 10 tk","31026, Muna Liisa kanamunad L10, MUNALIISA, 10 tk","31592, Mahe kanamuna S, KIKERIKII ÖKOMUNA, 10tk","4008, Vutimunad, JÄRVEOTSA, 12 tk","5726, Vabalt peetavate kanade munad, SELVER, 10 tk","9248, Suured munad L10, EGGO, 10 tk,  valged munad","9249, Kollased munad M10, EGGO, 10 tk","9250, Suured munad L6, EGGO, 6 tk, valged munad","9251, Peremunad M10, EGGO, 10 tk, valged munad","5082676, HULGI Kollased munad M10 3tk, EGGO, 3 x 10tk","Põldvutimunad, 12 tk, JÄRVEOTSA","Täidetud munad 180 g, ASTRI KÖÖK","Peremunad M, 10 tk, EGGO","Suured munad L, 10 tk, EGGO","Hiidmunad XL, 10 tk, EGGO","kanamunad XL 10 tk, MUNALIISA","Peremunad M, 18 tk, EGGO","Ökomunad M, 10 tk, KIKERIKII","Ökomunad L, 10 tk, KIKERIKII","Kodukana munad vabapidamiskanadelt M 10 tk, LINNU TALU","Kodukana munad vabapidamiskanadelt L 10 tk, LINNU TALU","kanamunad kodukoha M 10 tk, KODUKOHA","Kanamunad L, 10 tk, KODUKOHA","Kanamunad L, 10 tk, MUNALIISA","Kanamunad L, 6 tk, MUNALIISA","Kanamunad S, 10 tk, MUNALIISA","Kanamunad L15 15 tk, MUNALIISA","Kanamunad M 10, BALTICOVO AS","Paw Patrol üllatusmuna,  20g, ZAINI",Valged munad MUHE MUNA M10,Valged munad MUHE MUNA L10,Munad M 10,Pruunid munad MUHE MUNA M10,Pruunid munad MUHE MUNA L10,Linnu Talu Kollased talumunad M 10tk,Kanamunad Kodutalu M 10tk,Kanamunad Kodutalu S 10tk,Kodutalu õrrekana munad M 10tk,Muna Liisa kanamunad L 15tk,Ökomunad Kikerikii S 10tk,Eggo Tervisemunad M 8tk,Säästu kanamunad M 10tk,Järveotsa vutimunad 12tk,Ökomunad Kikerikii L 10tk,Ökomunad Kikerikii M 10tk,Hüva Kanamunad M 10tk A-klass,Eggo Suured munad L 10tk,"812417, Kanamunad Rimi M 15tk","978403, Vabapidamisel kanade munad Kodutalu 10tk","811225, Vabapidamisel kanade munad M 10tk","970975, Õrrekanade munad Kodutalu M10","808182, Kanamunad kodumaine Rimi L 10tk","970982, Õrrekanade munad Kodutalu L10","926352, Täidetud munad 220g","809108, Vutimunad Rimi 18tk","916150, Peremunad M10, valged","808169, Kanamunad kodumaine Rimi M 10tk","813372, Kanamunad Rimi BIO LM 10tk","811226, Õrrekanade munad M10","808341, Vutimunad Rimi 12tk",Eggo Peremunad M 18tk,"937881, Mahemunad Võnnu Mahetalu M10","813928, Kanamunad Rimi Basic M, 10tk","198894, Piimašokol. munad kooretäidisega Milka 136g","916151, Hiidmunad XL10, valged","5722, Õrrekanade munad, SELVER, 10tk","9247, Hiidmunad XL10, EGGO, 10 tk, valged munad","5559, Kollased Talumunad L, LINNU TALU, 10 tk","20038, Vabapidamise kanamunad 10tk L, LINNU TALU, 10 tk","Kanamunad M, 10 tk, MUNALIISA",Coop Õrrekanade munad M 10tk,Muna Liisa kanamunad M 10tk,"1562946, Muna Liisa kanamunad S10, MUNALIISA, 10 tk","901356, Vutimunad Järveotsa 18tk"
2.29,1.09,3.39,3.99,2.59,1.29,2.29,1.99,1.69,2.69,2.19,2.19,1.99,1.99,1.39,1.69,5.5,2.19,3.09,1.85,2.09,2.49,2.19,3.29,3.39,3.69,1.79,2.19,1.19,1.45,1.89,1.15,1.09,2.59,0.99,0.99,1.39,1.59,0.99,1.39,1.59,1.79,1.79,1.25,1.79,2.95,2.59,2.19,1.05,2.49,3.95,3.35,1.25,2.19,1.99,2.29,2.19,1.89,1.65,1.99,2.89,2.05,1.85,1.49,2.99,1.99,1.45,3.69,3.69,1.29,3.79,2.49,1.89,2.29,1.99,2.59,1.29,1.79,1.99,1.89,3.59
2.29,1.09,3.39,3.99,2.59,1.29,2.29,1.99,1.69,2.69,2.19,2.19,1.99,1.99,1.39,1.69,5.5,2.19,3.09,1.85,2.09,2.49,2.19,3.29,3.39,3.69,1.79,2.19,1.19,1.45,1.89,1.15,1.09,2.59,0.99,0.99,1.39,1.59,0.99,1.39,1.59,1.79,1.79,1.25,1.79,2.95,2.59,2.19,1.05,2.49,3.95,3.35,1.25,2.19,1.99,2.29,2.19,1.89,1.65,1.99,2.89,2.05,1.85,1.49,2.99,1.99,1.45,3.69,3.69,1.29,3.79,2.49,1.89,2.29,1.99,2.59,1.29,1.79,1.99,1.89,3.59
2.29,1.09,3.39,3.99,2.59,1.29,2.29,1.99,1.69,2.69,2.19,2.19,1.99,1.99,1.39,1.69,5.5,2.19,3.09,1.85,2.09,2.49,2.19,3.29,3.39,3.69,1.79,2.19,1.19,1.45,1.89,1.15,1.09,2.59,0.99,0.99,1.39,1.59,0.99,1.39,1.59,1.79,1.79,1.25,1.79,2.95,2.59,2.19,1.05,2.49,3.95,3.35,1.25,2.19,1.99,2.29,2.19,1.89,1.65,1.99,2.89,2.05,1.85,1.49,2.99,1.99,1.45,3.69,3.69,1.29,3.79,2.49,1.89,2.29,1.99,2.59,1.29,1.79,1.99,1.89,3.59
2.29,1.09,3.39,3.99,2.59,1.29,2.29,1.99,1.69,2.69,2.19,2.19,1.99,1.99,1.39,1.69,5.5,2.19,3.09,1.85,2.09,2.49,2.19,3.29,3.39,3.69,1.79,2.19,1.19,1.45,1.89,1.15,1.09,2.59,0.99,0.99,1.39,1.59,0.99,1.39,1.59,1.79,1.79,1.25,1.79,2.95,2.59,2.19,1.05,2.49,3.95,3.35,1.25,2.19,1.99,2.29,2.19,1.89,1.65,1.99,2.89,2.05,1.85,1.49,2.99,1.99,1.45,3.69,3.69,1.29,3.79,2.49,1.89,2.29,1.99,2.59,1.29,1.79,1.99,1.89,3.59
2.29,1.09,3.39,3.99,2.59,1.29,2.29,1.99,1.69,2.69,2.19,2.19,1.99,1.99,1.39,1.69,5.5,2.19,3.09,1.85,2.09,2.49,2.19,3.29,3.39,3.69,1.79,2.19,1.19,1.45,1.89,1.15,1.09,2.59,0.99,0.99,1.39,1.59,0.99,1.39,1.59,1.79,1.79,1.25,1.79,2.95,2.59,2.19,1.05,2.49,3.95,3.35,1.25,2.19,1.99,2.29,2.19,1.89,1.65,1.99,2.89,2.05,1.85,1.49,2.99,1.99,1.45,3.69,3.69,1.29,3.79,2.49,1.89,2.29,1.99,2.59,1.29,1.79,1.99,1.89,3.59
2.29,1.09,3.39,3.99,2.59,1.29,2.29,1.99,1.69,2.69,2.19,2.19,1.99,1.99,1.39,1.69,5.5,2.19,3.09,1.85,2.09,2.49,2.19,3.29,3.39,3.69,1.79,2.19,1.19,1.45,1.89,1.15,1.09,2.59,0.99,0.99,1.39,1.59,0.99,1.39,1.59,1.79,1.79,1.25,1.79,2.95,2.59,2.19,1.05,2.49,3.95,3.35,1.25,2.19,1.99,2.29,2.19,1.89,1.65,1.99,2.89,2.05,1.85,1.49,2.99,1.99,1.45,3.69,3.69,1.29,3.79,2.49,1.89,2.29,1.99,2.59,1.29,1.79,1.99,1.89,3.59
2.29,1.09,3.39,3.99,2.59,1.29,2.29,1.99,1.69,2.69,2.19,2.19,1.99,1.99,1.39,1.69,5.5,2.19,3.09,1.85,2.09,2.49,2.19,3.29,3.39,3.69,1.79,2.19,1.19,1.45,1.89,1.15,1.09,2.59,0.99,0.99,1.39,1.59,0.99,1.39,1.59,1.79,1.79,1.25,1.79,2.95,2.59,2.19,1.05,2.49,3.95,3.35,1.25,2.19,2.49,2.29,2.19,1.89,1.65,1.99,2.89,2.05,1.85,1.49,3.29,1.99,1.45,3.69,3.69,1.29,3.79,2.49,1.89,2.29,1.99,2.59,1.29,1.79,1.99,1.89,3.59
2.29,1.09,3.39,3.99,2.59,1.29,2.29,1.99,1.69,2.69,2.19,2.19,1.99,1.99,1.39,1.69,5.5,2.19,3.09,1.85,2.09,2.49,2.19,3.29,3.39,3.69,1.79,2.19,1.19,1.45,1.89,1.15,1.09,2.59,0.99,0.99,1.39,1.59,0.99,1.39,1.59,1.79,1.79,1.25,1.79,2.95,2.59,2.19,1.05,2.49,3.95,3.35,1.25,2.19,2.49,2.29,2.19,1.89,1.65,1.99,2.89,2.05,1.85,1.49,3.29,1.99,1.45,3.69,3.69,1.29,3.79,2.49,1.89,2.29,1.99,2.59,1.29,1.79,1.99,1.89,3.59
2.29,1.09,3.39,3.99,2.59,1.29,2.29,1.99,1.69,2.69,2.19,2.19,1.99,1.99,1.39,1.69,5.5,2.19,3.09,1.85,2.09,2.49,2.19,3.29,3.39,3.69,1.79,2.19,1.19,1.45,1.89,1.15,1.09,2.59,0.99,0.99,1.39,1.59,0.99,1.39,1.59,1.79,1.79,1.25,1.79,2.95,2.59,2.19,1.05,2.49,3.95,3.35,1.25,2.19,2.49,2.29,2.49,1.89,1.65,1.99,2.89,2.05,1.85,1.55,3.29,1.99,1.45,3.69,3.69,1.29,3.79,2.49,1.89,2.29,1.99,2.59,1.29,1.79,1.99,1.89,3.59
2.29,1.09,3.39,3.99,2.59,1.29,2.29,1.99,1.69,2.69,2.19,2.19,1.99,1.99,1.39,1.69,5.5,2.19,3.09,1.85,2.09,2.49,2.19,3.29,3.39,3.69,1.79,2.19,1.19,1.45,1.89,1.15,1.09,2.59,0.99,0.99,1.39,1.59,0.99,1.39,1.59,1.79,1.79,1.25,1.79,2.95,2.59,2.19,1.05,2.49,3.95,3.35,1.25,2.19,2.49,2.29,2.49,1.89,1.65,1.99,2.89,2.05,1.85,1.55,3.29,1.99,1.45,3.69,3.69,1.29,3.79,2.49,1.89,2.29,1.99,2.59,1.29,1.79,1.99,1.89,3.59
2.29,1.09,3.39,3.99,2.59,1.29,2.29,1.99,1.69,2.69,2.19,2.19,1.99,1.99,1.39,1.69,5.5,2.19,3.09,1.85,2.09,2.49,2.19,3.29,3.39,3.69,1.79,2.19,1.19,1.45,1.89,1.15,1.09,2.59,0.99,0.99,1.39,1.59,0.99,1.39,1.59,1.79,1.79,1.25,1.79,2.95,2.59,2.19,1.05,2.49,3.95,3.35,1.25,2.19,2.49,2.29,2.49,1.89,1.65,1.99,2.89,2.05,1.85,1.55,3.29,1.99,1.45,3.69,3.69,1.29,3.79,2.49,1.89,2.29,1.99,2.59,1.29,1.79,1.99,1.89,3.59
2.29,1.09,3.39,3.99,2.59,1.29,2.29,1.99,1.69,2.69,2.19,2.19,1.99,1.99,1.39,1.69,5.5,2.19,3.09,1.85,2.09,2.49,2.19,3.29,3.39,3.69,1.79,2.19,1.19,1.45,1.89,1.15,1.09,2.59,0.99,0.99,1.39,1.59,0.99,1.39,1.59,1.79,1.79,1.25,1.79,2.95,2.59,2.19,1.05,2.49,3.95,3.35,1.25,2.19,2.49,2.29,2.49,1.89,1.65,1.99,2.89,2.05,1.85,1.55,3.29,1.99,1.45,3.69,3.69,1.29,3.79,2.49,1.89,2.29,1.99,2.59,1.29,1.79,1.99,1.89,3.59
2.29,1.09,3.39,3.99,2.59,1.29,2.29,1.99,1.69,2.69,2.19,2.19,1.99,1.99,1.39,1.69,5.5,2.19,3.09,1.85,2.09,2.49,2.19,3.29,3.39,3.69,1.79,2.19,1.19,1.45,1.89,1.15,1.09,2.59,0.99,0.99,1.39,1.59,0.99,1.19,1.59,1.79,1.79,1.25,1.79,2.95,2.59,2.19,1.05,2.49,3.95,3.35,1.25,2.19,2.49,2.29,2.49,1.89,1.65,1.99,2.89,2.05,1.85,1.55,3.29,1.99,1.45,3.69,3.69,1.29,3.79,2.49,1.89,2.29,1.99,2.59,1.29,1.79,1.99,1.89,3.59
2.29,1.09,3.39,3.99,2.59,1.29,2.29,1.99,1.69,2.69,2.19,2.19,1.99,1.99,1.39,1.69,5.5,2.19,3.09,1.85,2.09,2.49,2.19,3.29,3.39,3.69,1.79,2.19,1.19,1.45,1.89,1.15,1.09,2.59,0.99,0.99,1.39,1.59,0.99,1.19,1.59,1.79,1.79,1.25,1.79,2.95,2.59,2.19,1.05,2.49,3.95,3.35,1.25,2.19,2.49,2.29,2.49,1.89,1.65,1.99,2.89,2.05,1.85,1.55,3.29,1.99,1.45,3.69,3.69,1.29,3.79,2.49,1.89,2.29,1.99,2.59,1.29,1.79,1.99,1.89,3.59
2.29,1.09,3.39,3.99,2.59,1.29,2.29,1.99,1.69,2.69,2.19,2.19,1.99,1.99,1.39,1.69,5.5,2.19,3.09,1.85,2.09,2.49,2.19,3.29,3.39,3.69,1.79,2.19,1.19,1.45,1.89,1.15,1.09,2.59,0.99,0.99,1.39,1.89,0.99,1.19,1.89,1.79,1.79,1.25,1.79,2.95,2.59,2.19,1.05,2.49,3.95,3.35,1.25,2.19,2.49,2.29,2.49,1.89,1.65,1.99,2.89,2.05,1.85,1.55,3.29,1.99,1.45,3.69,3.69,1.29,3.79,2.49,1.89,2.29,1.99,2.59,1.29,1.79,1.99,1.89,3.59
2.29,1.09,3.39,3.99,2.59,1.29,2.29,1.99,1.69,2.69,2.19,2.19,1.99,1.99,1.39,1.69,5.5,2.19,3.09,1.85,2.09,2.49,2.19,3.29,3.39,3.69,1.79,2.19,1.19,1.45,1.89,1.15,1.09,2.59,0.99,0.99,1.39,1.89,0.99,1.69,1.89,1.79,1.79,1.25,1.79,2.95,2.59,2.19,1.05,2.49,3.95,3.35,1.25,2.19,2.49,2.29,2.49,1.89,1.65,1.99,2.89,2.05,1.85,1.55,3.29,1.99,1.45,3.69,3.69,1.29,3.79,2.49,1.89,2.29,1.99,2.59,1.29,1.79,1.99,1.89,3.59
2.29,1.09,3.39,3.99,2.59,1.29,2.29,1.99,1.69,2.69,2.19,2.19,1.99,1.99,1.39,1.69,5.5,2.19,3.09,1.85,2.09,2.49,2.19,3.29,3.39,3.69,1.79,2.19,1.19,1.45,1.89,1.15,1.09,2.59,0.98,0.99,1.39,1.89,0.99,1.69,1.89,1.79,1.79,1.25,1.79,2.95,2.59,2.19,1.05,2.49,3.95,3.35,1.25,2.19,2.49,2.29,2.49,1.89,1.65,1.99,2.89,2.05,1.85,1.55,3.29,1.99,1.45,3.69,3.69,1.29,3.79,2.49,1.89,2.29,1.99,2.59,1.29,1.79,1.99,1.89,3.59
2.29,1.09,3.39,3.99,3.09,1.59,2.89,1.99,1.69,2.69,2.19,2.59,1.99,1.99,1.69,2.19,5.5,2.19,3.09,1.85,2.09,2.49,2.19,3.29,3.39,3.69,1.79,2.19,1.19,1.45,1.89,1.15,1.09,2.59,0.98,0.99,1.39,1.89,0.99,1.69,1.89,1.79,1.79,1.25,1.79,2.95,2.59,2.19,1.05,2.49,3.95,3.35,1.25,2.19,2.49,2.29,2.49,1.89,1.65,1.99,2.89,2.05,1.85,1.55,3.29,1.99,1.45,3.69,3.69,1.29,3.79,2.49,2.19,2.89,1.99,2.59,1.29,1.79,1.99,1.89,3.59
2.29,1.09,3.39,3.99,3.09,1.59,2.89,1.99,1.69,2.69,2.19,2.59,1.99,1.99,1.69,2.19,5.5,2.19,3.09,1.85,2.09,2.49,2.19,3.29,3.39,3.69,1.79,2.19,1.19,1.45,1.89,1.15,1.09,2.59,0.98,0.99,1.39,1.89,0.99,1.69,1.89,1.79,1.79,1.25,1.79,2.95,2.59,2.19,1.05,2.49,3.95,3.35,1.25,2.19,2.49,2.29,2.49,1.89,1.65,1.99,2.89,2.05,1.85,1.55,3.29,1.99,1.45,3.69,3.69,1.29,3.79,2.49,2.19,2.89,1.99,2.59,1.29,1.79,1.99,1.89,3.59
2.29,1.09,3.39,3.99,3.09,1.59,2.89,1.99,1.69,2.69,2.19,2.59,1.99,1.99,1.69,2.19,5.5,2.19,3.09,1.85,2.09,2.49,2.19,3.29,3.39,3.69,1.79,2.19,1.19,1.45,1.89,1.15,1.09,2.59,0.98,0.99,1.39,1.89,0.99,1.69,1.89,1.79,1.79,1.25,1.79,2.95,2.59,2.69,1.05,2.49,3.95,3.35,1.25,2.69,2.49,2.29,2.49,1.89,1.65,1.99,2.89,2.05,1.85,1.55,3.29,1.99,1.45,4.49,3.69,1.29,3.79,2.49,2.19,2.89,1.99,2.59,1.29,1.79,1.99,1.89,3.59
2.29,1.09,3.39,3.99,3.09,1.59,2.89,1.99,1.69,2.69,2.19,2.59,1.99,1.99,1.69,2.19,5.5,2.19,3.09,1.85,2.09,2.49,2.19,3.29,3.39,3.69,1.79,2.19,1.19,1.45,1.89,1.15,1.09,2.59,0.98,0.99,1.39,1.89,0.99,1.69,1.89,1.79,1.79,1.25,1.79,2.95,2.59,2.69,1.05,2.49,3.95,3.35,1.25,2.69,2.49,2.29,2.49,1.89,1.65,1.99,2.89,2.05,1.85,1.55,3.29,1.99,1.45,4.49,3.69,1.29,3.79,2.49,2.19,2.89,1.99,2.59,1.29,1.79,1.99,1.89,3.59
2.29,1.69,3.39,3.99,3.09,1.59,2.89,1.99,2.79,2.69,2.19,2.59,1.99,2.79,1.69,2.19,5.5,2.19,3.09,2.29,2.59,3.19,2.19,4.09,3.39,3.69,1.79,2.19,1.09,1.79,1.89,1.15,1.09,2.59,0.98,0.99,1.79,1.99,0.99,1.89,1.99,1.79,1.79,1.25,1.79,3.69,2.59,2.69,1.05,3.05,3.95,3.35,1.25,2.69,2.49,2.29,2.49,1.89,1.65,1.99,2.89,2.05,1.85,1.55,3.29,1.99,1.45,4.49,3.69,1.29,3.79,2.49,2.19,2.89,1.99,2.59,1.29,1.79,1.99,1.89,3.59
2.29,1.69,3.39,3.99,3.09,1.59,2.89,1.99,2.79,2.69,2.19,2.59,1.99,2.79,1.69,2.19,5.5,2.19,3.09,2.29,2.59,3.19,2.19,4.09,3.39,3.69,1.79,2.19,1.09,1.79,1.89,1.15,1.09,2.59,0.98,0.99,1.79,1.99,0.99,1.89,1.99,1.79,1.79,1.25,1.79,3.69,2.59,2.69,1.05,3.05,3.95,3.35,1.25,2.69,2.49,2.29,2.49,1.89,1.65,1.99,2.89,2.05,1.85,1.55,3.29,1.99,1.45,4.49,3.69,1.29,3.79,2.49,2.19,2.89,1.99,2.59,1.69,1.79,1.99,1.89,3.59
2.29,1.69,3.39,3.99,3.09,1.59,2.89,1.99,2.79,2.69,2.19,2.59,1.99,2.79,1.69,2.19,5.5,2.19,3.09,2.29,2.59,3.19,2.19,4.09,3.39,3.69,1.79,2.19,1.09,1.79,1.89,1.15,1.09,2.59,0.98,0.99,1.79,1.99,0.99,1.89,1.99,1.79,1.79,1.25,1.79,3.69,2.59,2.69,1.05,3.05,3.95,3.35,1.25,2.69,2.49,2.29,2.49,1.89,1.65,1.99,2.89,2.05,1.85,1.55,3.29,1.99,1.45,4.49,3.69,1.29,3.79,2.49,2.19,2.89,1.99,2.59,1.69,1.79,1.99,1.89,3.59
2.29,1.69,3.39,3.99,3.09,1.59,2.89,1.99,2.79,2.69,2.19,2.59,1.99,2.79,1.69,2.19,5.5,2.19,3.09,2.29,2.59,3.19,2.19,4.09,3.39,3.69,1.79,2.19,1.09,1.79,1.89,1.15,1.09,2.59,0.98,0.99,1.79,1.99,0.99,1.89,1.99,1.79,1.79,1.25,1.79,3.69,2.59,2.69,1.05,3.05,3.95,3.35,1.25,2.69,2.49,2.29,2.49,1.89,1.65,1.99,2.89,2.05,2.29,1.55,3.29,1.99,1.45,4.49,3.69,1.29,3.79,3.19,2.19,2.89,1.99,2.59,1.69,1.79,1.99,1.89,3.59
2.29,1.69,3.39,3.99,3.09,1.59,2.89,1.99,2.79,2.69,2.19,2.59,1.99,2.79,1.69,2.19,5.5,2.19,3.09,2.29,2.59,3.19,2.19,4.09,3.39,3.69,1.79,2.19,1.09,1.79,1.89,1.15,1.09,2.59,0.98,0.99,1.79,1.99,0.99,1.89,1.99,1.79,1.79,1.25,1.79,3.69,2.59,2.69,1.05,3.05,3.95,3.35,1.25,2.69,2.49,2.29,2.49,1.89,1.65,1.99,2.89,2.05,2.29,1.55,3.29,1.99,1.45,4.49,3.69,1.29,3.79,3.19,2.19,2.89,1.99,2.59,1.69,1.79,1.99,1.89,3.59
2.29,1.69,3.99,4.39,3.09,1.59,2.89,1.99,2.79,3.29,2.19,2.59,1.99,2.79,1.69,2.19,5.5,2.19,3.09,2.09,2.29,3.19,2.19,4.09,3.39,3.69,1.79,2.19,1.09,1.79,1.69,1.15,1.09,2.59,0.98,0.99,1.79,1.99,1.09,1.89,1.99,1.79,1.79,1.25,1.79,3.69,2.59,2.69,1.05,3.05,3.95,3.35,1.25,2.69,2.49,2.29,2.49,1.89,1.79,1.99,2.89,2.05,2.29,1.55,3.29,1.99,1.45,4.49,3.69,1.29,3.79,3.19,2.19,2.89,1.99,2.59,1.49,1.79,1.99,1.89,3.59
2.29,1.69,3.99,4.39,3.09,1.59,2.89,1.99,2.79,3.29,2.19,2.59,1.99,2.79,1.69,2.19,5.5,2.19,3.09,2.09,2.29,3.19,2.19,4.09,3.39,3.69,1.79,2.19,1.09,1.79,1.69,1.15,1.09,2.59,0.98,0.99,1.79,1.99,1.09,1.89,1.99,1.79,1.79,1.25,1.79,3.69,2.59,2.69,1.05,3.05,3.95,3.35,1.25,2.69,2.49,2.29,2.49,1.89,1.79,1.99,2.89,2.05,2.29,1.55,3.29,1.99,1.45,4.49,3.69,1.29,3.79,3.19,2.19,2.89,1.99,2.59,1.49,1.79,1.99,1.89,3.59
2.29,1.69,3.99,4.39,3.09,1.59,2.89,1.99,2.79,3.29,2.19,2.59,1.99,2.79,1.69,2.19,5.5,2.19,3.09,2.09,2.29,3.19,2.19,4.09,3.39,3.69,1.79,2.19,1.09,1.79,1.69,1.15,1.09,2.59,0.98,0.99,1.79,1.99,1.09,1.89,1.99,1.79,1.79,1.25,1.79,3.69,2.59,2.69,1.05,3.05,3.95,3.35,1.25,2.69,2.49,2.29,2.49,1.89,1.79,1.99,2.89,2.05,2.29,1.55,3.29,1.99,1.45,4.49,3.69,1.29,3.79,3.19,2.19,2.89,1.99,2.59,1.49,1.79,1.99,1.89,3.59
2.29,1.69,3.99,4.39,3.09,1.59,2.89,1.99,2.79,3.29,2.19,2.59,1.99,2.79,1.69,2.19,5.5,2.19,3.09,2.09,2.29,3.19,2.19,4.09,3.39,3.69,1.79,2.19,1.09,1.79,1.69,1.15,1.09,2.59,0.98,0.99,1.79,1.99,1.09,1.89,1.99,1.79,1.79,1.25,1.79,3.69,2.59,2.69,1.05,3.05,3.95,3.35,1.25,2.69,2.49,2.29,2.49,1.89,1.79,1.99,2.89,2.05,2.29,1.55,3.29,1.99,1.45,4.49,3.69,1.29,3.79,3.19,2.19,2.89,1.99,2.59,1.49,1.79,1.99,1.89,3.59
2.29,1.69,3.99,4.39,3.09,1.59,2.89,1.99,2.79,3.29,2.19,2.59,1.99,2.79,1.69,2.19,5.5,2.19,3.09,2.09,2.29,3.19,2.19,4.09,3.39,3.69,1.79,2.19,1.09,1.79,1.69,1.15,1.09,2.59,0.98,0.99,1.79,1.99,1.09,1.89,1.99,1.79,1.79,1.25,1.79,3.69,2.59,2.69,1.05,3.05,3.95,3.35,1.25,2.69,2.49,2.29,2.49,1.89,1.79,1.99,2.89,2.05,2.29,1.55,3.29,1.99,1.45,4.49,3.69,1.29,3.79,3.19,2.19,2.89,1.99,2.59,1.49,1.79,1.99,1.89,3.59
2.29,1.69,3.99,4.39,3.09,1.59,2.89,1.99,2.79,3.29,2.19,2.59,1.99,2.79,1.69,2.19,5.5,2.19,3.09,2.09,2.29,3.19,2.19,4.09,3.39,3.69,1.79,2.19,1.09,1.79,1.69,1.15,1.09,2.59,0.98,0.99,1.79,1.99,1.09,1.89,1.99,1.79,1.79,1.25,1.79,3.69,2.59,2.69,1.05,3.05,3.95,3.35,1.25,2.69,2.49,2.29,2.49,1.89,1.79,1.99,2.89,2.05,2.29,1.55,3.29,1.99,1.45,4.49,3.69,1.29,3.79,3.19,2.19,2.89,1.99,2.59,1.49,1.79,1.99,1.89,3.59
2.29,1.69,3.99,4.39,3.09,1.59,2.89,1.99,2.79,3.29,2.19,2.59,2.49,2.79,1.69,2.19,5.5,2.19,3.09,2.09,2.29,3.19,2.19,4.09,3.39,3.69,1.79,2.19,1.09,1.79,1.69,1.15,1.09,2.59,0.98,0.99,1.79,1.99,1.09,1.89,1.99,1.79,1.79,1.25,1.79,5.59,2.59,2.69,1.05,3.05,3.95,3.35,1.25,2.69,2.49,2.29,2.49,1.89,2.19,1.99,2.89,2.05,2.29,1.89,3.29,1.99,1.45,4.49,3.69,1.29,3.79,3.19,2.19,2.89,1.99,2.59,1.49,1.79,1.99,1.89,3.59
2.29,1.69,3.99,4.39,3.09,1.59,2.89,1.99,2.79,3.29,2.19,2.59,2.49,2.79,1.69,2.19,5.5,2.19,3.09,2.09,2.29,3.19,2.19,4.09,3.39,3.69,1.79,2.19,1.09,1.79,1.69,1.15,1.09,2.59,0.98,0.99,1.79,1.99,1.09,1.89,1.99,1.79,1.79,1.25,1.79,5.59,2.59,2.69,1.05,3.05,3.95,3.35,1.25,2.69,2.49,2.29,2.49,1.89,2.19,1.99,2.89,2.05,2.29,1.89,3.29,1.99,1.45,4.49,3.69,1.29,3.79,3.19,2.19,2.89,1.99,2.59,1.49,1.79,1.99,1.89,3.59
2.29,1.69,3.99,4.39,3.09,1.59,2.89,1.99,2.79,3.29,2.19,2.59,2.49,2.79,1.69,2.19,5.5,2.19,3.09,2.09,2.29,3.19,2.19,4.09,3.39,3.69,1.79,2.19,1.09,1.79,1.69,1.15,1.09,2.59,0.98,0.99,1.79,1.99,1.09,1.89,1.99,1.79,1.79,1.25,1.79,5.59,2.59,2.69,1.05,3.05,3.95,3.35,1.25,2.69,2.49,2.29,2.49,1.89,2.19,1.99,2.89,2.05,2.29,1.89,3.29,1.99,1.45,4.49,3.69,1.29,3.79,3.19,2.19,2.89,1.99,2.59,1.49,1.79,1.99,1.89,3.59
2.29,1.69,3.99,4.39,3.09,1.59,2.89,1.99,2.79,3.29,2.19,2.59,2.49,2.79,1.69,2.19,5.5,2.19,3.09,2.09,2.29,3.19,2.19,4.09,3.39,3.69,1.79,2.19,1.09,1.79,1.69,1.15,1.09,2.59,0.98,0.99,1.79,1.99,1.09,1.89,1.99,1.79,1.79,1.25,1.79,5.59,2.59,2.69,1.05,3.05,3.95,3.35,1.25,2.69,2.49,2.29,2.49,1.89,2.19,1.99,2.89,2.05,2.29,1.89,3.29,1.99,1.45,4.49,3.69,1.29,3.79,3.19,2.19,2.89,1.99,2.59,1.49,1.79,1.99,1.89,3.59
2.29,1.69,3.99,4.39,3.09,1.59,2.89,1.99,2.79,3.29,2.19,2.59,2.49,2.79,1.69,2.19,5.5,2.19,3.09,2.09,2.29,3.19,2.19,4.09,3.39,3.69,1.79,2.19,1.09,1.79,1.69,1.15,1.09,2.59,0.98,0.99,1.79,1.99,1.09,1.89,1.99,1.79,1.79,1.25,1.79,5.59,2.59,2.69,1.05,3.05,3.95,3.35,1.25,2.69,2.49,2.29,2.49,1.89,2.19,1.99,2.89,2.05,2.29,1.89,3.29,1.99,1.45,4.49,3.69,1.29,3.79,3.19,2.19,2.89,1.99,2.59,1.49,1.79,1.99,1.89,3.59
2.29,1.69,3.99,4.39,3.09,1.59,2.89,1.99,2.79,3.29,2.19,2.59,2.49,2.79,1.69,2.19,5.5,2.19,3.09,2.09,2.29,3.19,2.19,4.09,3.39,3.69,1.79,2.19,1.09,1.79,1.69,1.15,1.09,2.59,0.98,0.99,1.79,1.99,0.99,1.89,1.99,1.79,1.79,1.25,1.79,5.59,2.59,2.69,1.05,3.05,3.95,3.35,1.25,2.69,2.49,2.29,2.49,1.89,2.19,1.99,2.89,2.05,2.29,1.89,3.29,1.99,1.45,4.49,3.69,1.29,3.79,3.19,2.19,2.89,1.99,2.59,1.49,1.79,1.99,1.89,3.59
2.29,1.69,3.99,4.39,3.09,1.59,2.89,1.99,2.79,3.29,2.19,2.59,2.49,2.79,1.69,2.19,5.5,2.19,3.09,2.09,2.29,3.19,3.49,4.09,3.69,3.99,1.79,2.99,2.19,2.49,2.99,1.99,1.89,4.39,1.49,0.99,1.79,1.99,0.99,1.89,1.99,1.79,1.79,1.25,1.79,5.59,2.59,2.69,1.05,3.05,3.95,3.35,1.25,2.69,2.49,2.29,2.49,1.89,2.19,1.99,2.89,2.05,2.29,1.89,3.29,1.99,1.45,4.49,3.69,1.29,3.79,3.19,2.19,2.89,1.99,2.59,2.79,1.79,1.99,1.89,3.59
2.29,1.69,3.99,4.39,3.09,1.59,2.89,1.99,2.79,3.29,2.19,2.59,2.49,2.79,1.69,2.19,5.5,2.19,3.09,2.09,2.29,3.19,3.49,4.09,3.69,3.99,1.79,2.99,2.19,2.49,2.99,1.99,1.89,4.39,1.49,0.99,1.79,1.99,0.99,1.89,1.99,1.79,1.79,1.25,1.79,5.59,2.59,2.69,1.05,3.05,3.95,3.35,1.25,2.69,2.49,2.29,2.49,1.89,2.19,1.99,2.89,2.05,2.29,1.89,3.29,1.99,1.45,4.49,3.69,1.29,3.79,3.19,2.19,2.89,1.99,2.59,2.79,1.79,1.99,1.89,3.59
2.29,1.69,3.99,4.39,3.09,1.59,2.89,1.99,2.79,3.29,2.19,2.59,2.49,2.79,1.69,2.19,5.5,2.19,3.09,2.09,2.29,3.19,3.49,4.09,3.69,3.99,1.79,2.99,2.19,2.49,2.99,1.99,1.89,4.39,1.49,0.99,1.79,1.99,0.99,1.89,1.99,1.79,1.79,1.25,1.79,5.59,2.59,2.69,1.05,3.05,3.95,3.35,1.25,2.69,2.49,2.29,2.49,1.89,2.19,1.99,2.89,2.05,2.29,1.89,3.29,1.99,1.45,4.49,3.69,1.29,3.79,3.19,2.19,2.89,1.99,2.59,2.79,1.79,1.99,1.89,3.59
2.29,1.69,3.99,4.39,3.09,1.59,2.89,1.99,2.79,3.29,2.19,2.59,2.49,2.79,1.69,2.19,5.5,2.19,3.09,2.09,2.29,3.19,3.49,4.09,3.69,3.99,1.79,2.99,2.19,2.49,2.99,1.99,1.89,4.39,1.49,0.99,1.79,1.99,0.99,1.89,1.99,1.79,1.79,1.25,1.79,5.59,2.59,2.69,1.05,3.05,3.95,3.35,1.25,2.69,2.49,2.29,2.49,1.89,2.19,1.99,2.89,2.05,2.29,1.89,3.29,1.99,1.45,4.49,3.69,1.29,3.79,3.19,2.19,2.89,1.99,2.59,2.79,1.79,1.99,1.89,3.59
