"4856, Cappuccino piim 3,2%, TERE, 1 l","33238, Kitsepiim pastöriseerimata, ANDRI-PEEDO, 1 l","2371610, Piim rasvatu 0,05%, ALMA, 1 l","4834, Piim 2,5%, TERE, 1 l","5237, Piim 2,5% pure, ALMA, 1 l","5246, Piim 2,5% kiles, ALMA, 1 l","468784, Toorpiim pastöriseerimata, NOPRI, 1 l","Piim 2,5%, 1l, PERE","Piim 2,5%, D-vitamiiniga, 1 l, TERE","Piim 2,5%, 1 l, ALMA","Pastöriseerimata toorpiim, 1 l, NOPRI","Piim 0,05%, 1 l, ALMA","Kõrgkuumutatud cappuccino piim 3,2%, 1 l, TERE","Hapupiim 2,5%, 1 l, NOPRI","Piim TERE 2,5%, 1L kile","Piim FARMI 3,5%, 1L kile","Piim TERE 2,5%, 1L","Piim TERE Capuccino 3,2%, 1L","Piim FARM MILK 2% UHT, 1L","Piim FARM MILK 3,2% UHT, 1L","Piim ARMAS 2,5%, 1L kile","Piim TERE D-vitamiin.lakt.vaba 2,5%., 1L",Tere Cappuccino piim 3.2% 12*1L,Frosch pesulop.vahend mandlipiim 1L,Alma piim 2.5% 1L,Alma piim 0.05% 1L,Tere piim 2.5% 1L D-vitamiiniga,Tere Cappuccino piim 3.2% 1L,"285080, Toorpiim pastöriseerimata Nopri 1l","804338, Piim kile Rimi 2,5% 1l","200104, Piim Alma 2,5% 1l","200289, Piim Alma kile 2,5% 1l","200091, Piim Tere 2,5% 1l","812489, Piim Rimi 2,5% 1l","263216, Piim Marge UHT 3,2% 1l","28638, Piim UHT 3,8%, MINUS L, 1 l","Piim TERE 2,5%, D-vitamiiniga 1L kile",Farmi piim 2.5% 1L kilepakk
1.39,2.99,1.09,0.95,0.95,0.65,1.39,0.48,0.95,0.89,1.35,1.09,1.29,1.69,0.69,0.79,0.79,0.99,0.79,0.75,0.49,1.15,14.99,2.95,0.89,1.15,0.99,1.29,1.6,0.59,0.99,0.79,0.95,0.79,1.19,1.99,0.69,0.69
1.39,2.99,1.09,0.95,0.95,0.65,1.39,0.48,0.95,0.89,1.35,1.09,1.29,1.69,0.69,0.79,0.79,0.99,0.79,0.75,0.35,1.15,14.99,2.95,0.89,1.15,0.99,1.29,1.6,0.59,0.99,0.79,0.95,0.79,1.19,1.99,0.69,0.69
1.39,2.99,1.09,0.95,0.95,0.65,1.39,0.48,0.95,0.89,1.35,1.09,1.29,1.69,0.69,0.79,0.79,0.99,0.79,0.75,0.35,1.15,14.99,2.95,0.89,1.15,0.99,1.29,1.6,0.59,0.99,0.79,0.95,0.79,1.19,1.99,0.69,0.69
1.39,2.99,1.09,0.95,0.95,0.65,1.39,0.48,0.95,0.89,1.35,1.09,1.29,1.69,0.69,0.79,0.79,0.99,0.79,0.75,0.35,1.15,14.99,3.25,0.89,1.15,0.99,1.29,1.6,0.59,0.99,0.79,0.95,0.79,1.19,1.99,0.69,0.69
1.39,2.99,1.09,0.95,0.95,0.65,1.39,0.48,0.95,0.89,1.35,1.09,1.29,1.69,0.69,0.79,0.79,0.99,0.79,0.75,0.35,1.15,14.99,3.25,0.89,1.15,0.99,1.29,1.6,0.59,0.99,0.79,0.95,0.79,1.19,1.99,0.69,0.69
1.39,2.99,1.09,0.95,0.95,0.65,1.39,0.48,0.95,0.89,1.35,1.09,1.29,1.69,0.69,0.79,0.79,0.99,0.79,0.75,0.35,1.15,14.99,3.25,0.89,1.15,0.99,1.29,1.6,0.59,0.99,0.79,0.95,0.79,1.19,1.99,0.69,0.69
1.39,2.99,1.09,0.95,0.95,0.65,1.39,0.48,0.95,0.89,1.35,1.09,1.29,1.69,0.69,0.79,0.79,0.99,0.79,0.75,0.49,1.15,14.99,3.25,0.89,1.15,0.99,1.29,1.6,0.59,0.99,0.79,0.95,0.79,1.19,1.99,0.69,0.69
1.39,2.99,1.09,0.95,0.95,0.65,1.39,0.48,0.95,0.89,1.35,1.09,1.29,1.69,0.69,0.79,0.79,0.99,0.79,0.75,0.49,1.15,14.99,3.25,0.89,1.15,0.99,1.29,1.6,0.59,0.99,0.79,0.95,0.79,1.19,1.99,0.69,0.69
1.39,2.99,1.09,0.95,0.95,0.65,1.39,0.48,0.95,0.89,1.35,1.09,1.29,1.69,0.69,0.79,0.79,0.99,0.79,0.75,0.49,1.15,14.99,3.25,0.89,1.15,0.99,1.29,1.6,0.59,0.99,0.79,0.95,0.79,1.19,1.99,0.69,0.69
1.39,2.99,1.09,0.95,0.95,0.65,1.39,0.48,0.95,0.89,1.35,1.09,1.29,1.69,0.69,0.79,0.79,0.99,0.79,0.75,0.49,1.15,14.99,3.25,0.89,1.15,0.99,1.29,1.6,0.59,0.99,0.79,0.95,0.79,1.19,1.99,0.69,0.69
1.39,2.99,1.09,0.95,0.95,0.65,1.39,0.48,0.95,0.89,1.35,1.09,1.29,1.69,0.69,0.79,0.79,0.99,0.79,0.75,0.49,1.15,14.99,3.25,0.89,1.15,0.99,1.29,1.6,0.59,0.99,0.79,0.95,0.79,1.19,1.99,0.69,0.69
1.39,2.99,1.09,0.95,0.95,0.65,1.39,0.48,0.95,0.89,1.35,1.09,1.29,1.69,0.69,0.79,0.95,0.99,0.79,0.75,0.49,1.15,14.99,3.25,0.89,1.15,0.99,1.29,1.6,0.59,0.99,0.79,0.95,0.79,1.19,1.99,0.69,0.69
1.39,2.99,1.09,0.95,0.95,0.65,1.39,0.48,0.95,0.89,1.35,1.09,1.29,1.69,0.69,0.79,0.75,0.99,0.79,0.75,0.49,1.15,14.99,3.25,0.89,1.15,0.99,1.29,1.6,0.59,0.99,0.79,0.95,0.79,1.19,1.99,0.69,0.69
1.39,2.99,1.09,0.95,0.95,0.65,1.39,0.48,0.95,0.89,1.35,1.09,1.29,1.69,0.69,0.79,0.75,1.29,0.79,0.75,0.49,1.15,14.99,3.25,0.89,1.15,0.99,1.29,1.6,0.59,0.99,0.79,0.95,0.79,1.19,1.99,0.69,0.69
1.39,2.99,1.09,0.95,0.95,0.65,1.39,0.48,0.95,0.89,1.35,1.09,1.29,1.69,0.69,0.79,0.75,1.29,0.79,0.75,0.49,0.95,14.99,3.25,0.89,1.15,0.99,1.29,1.6,0.59,0.99,0.79,0.95,0.79,1.19,1.99,0.69,0.69
1.39,2.99,1.09,0.95,0.95,0.65,1.39,0.48,0.95,0.89,1.35,1.09,1.29,1.69,0.69,0.79,0.95,1.29,0.79,0.75,0.49,0.95,14.99,3.25,0.89,1.15,0.99,1.29,1.6,0.59,0.99,0.79,0.95,0.79,1.19,1.99,0.69,0.69
1.39,2.99,1.09,0.95,0.95,0.65,1.39,0.48,0.95,0.89,1.35,1.09,1.29,1.69,0.69,0.79,0.95,1.29,0.79,0.75,0.49,0.95,14.99,3.25,0.89,1.15,0.99,1.29,1.6,0.59,0.99,0.79,0.95,0.79,1.19,1.99,0.69,0.69
1.39,2.99,1.09,0.95,0.95,0.65,1.39,0.48,0.95,0.89,1.35,1.09,1.29,1.69,0.69,0.79,0.95,1.29,0.79,0.75,0.49,0.95,14.99,3.25,0.89,1.15,0.99,1.29,1.6,0.59,0.99,0.79,0.95,0.79,1.19,1.99,0.69,0.69
1.39,2.99,1.09,0.95,0.95,0.65,1.39,0.48,0.95,0.89,1.35,1.09,1.29,1.69,0.69,0.79,0.95,1.29,0.79,0.75,0.49,0.95,14.99,3.25,0.89,1.15,0.99,1.29,1.6,0.59,0.99,0.79,0.95,0.79,1.19,1.99,0.69,0.69
1.39,2.99,1.09,0.95,0.95,0.65,1.39,0.48,0.95,0.89,1.35,1.09,1.29,1.69,0.69,0.79,0.95,1.29,0.79,0.75,0.49,0.95,14.99,3.25,0.89,1.15,0.99,1.29,1.6,0.59,0.99,0.79,0.95,0.79,1.19,1.99,0.69,0.69
1.39,2.99,1.09,0.95,0.95,0.65,1.39,0.48,0.95,0.89,1.35,1.09,1.29,1.69,0.69,0.79,0.95,1.29,0.79,0.75,0.49,0.95,14.99,3.25,0.89,1.15,0.99,1.29,1.6,0.59,0.99,0.79,0.95,0.79,1.19,1.99,0.69,0.69
1.39,2.99,1.09,0.95,0.95,0.65,1.39,0.48,0.95,0.89,1.35,1.09,1.29,1.69,0.69,0.79,0.95,1.29,0.79,0.75,0.49,1.15,14.99,3.25,0.95,1.15,0.99,1.29,1.6,0.59,0.99,0.79,0.95,0.79,1.19,1.99,0.69,0.69
1.39,2.99,1.09,0.95,0.95,0.65,1.39,0.48,0.95,0.89,1.35,1.09,1.29,1.69,0.69,0.79,0.95,1.29,0.79,0.75,0.49,1.15,14.99,3.25,0.95,1.15,0.99,1.29,1.6,0.59,0.99,0.79,0.95,0.79,1.19,1.99,0.69,0.69
1.39,2.99,1.09,0.95,0.95,0.65,1.39,0.48,0.95,0.89,1.35,1.09,1.29,1.69,0.69,0.79,0.95,1.29,0.79,0.75,0.49,1.15,14.99,3.25,0.95,1.15,0.99,1.29,1.6,0.59,0.99,0.79,0.95,0.79,1.19,1.99,0.69,0.69
1.39,2.99,1.09,0.95,0.95,0.65,1.39,0.48,0.95,0.89,1.35,1.09,1.29,1.69,0.69,0.79,0.95,1.29,0.79,0.75,0.49,1.15,14.99,3.25,0.95,1.15,0.99,1.29,1.6,0.59,0.99,0.79,0.95,0.79,1.19,1.99,0.69,0.69
1.39,2.99,1.09,0.95,0.95,0.65,1.39,0.48,0.95,0.89,1.35,1.09,1.29,1.69,0.69,0.8,0.95,1.29,0.79,0.75,0.49,1.15,14.99,3.25,0.95,1.15,0.99,1.29,1.6,0.59,0.99,0.79,0.95,0.79,1.19,1.99,0.69,0.69
1.39,2.99,1.09,0.95,0.95,0.65,1.39,0.48,0.95,0.89,1.35,1.09,1.29,1.69,0.69,0.8,0.95,1.29,0.79,0.75,0.49,1.15,14.99,3.25,0.95,1.15,0.99,1.29,1.6,0.59,0.99,0.79,0.95,0.79,1.19,1.99,0.69,0.69
1.39,2.99,1.09,0.95,0.95,0.65,1.39,0.48,0.95,0.89,1.35,1.09,1.29,1.69,0.69,0.8,0.95,1.29,0.79,0.75,0.49,1.15,14.99,3.25,0.95,1.15,0.99,1.29,1.6,0.59,0.99,0.79,0.95,0.79,1.19,1.99,0.69,0.69
1.39,2.99,1.09,0.95,0.95,0.65,1.39,0.48,0.95,0.89,1.35,1.09,1.29,1.69,0.69,0.8,0.95,1.29,0.79,0.75,0.49,1.15,14.99,3.25,0.95,1.15,0.99,1.29,1.6,0.59,0.99,0.79,0.95,0.79,1.19,1.99,0.69,0.69
1.39,2.99,1.09,0.95,0.95,0.65,1.39,0.48,0.95,0.89,1.35,1.09,1.29,1.69,0.69,0.8,0.95,1.29,0.79,0.75,0.49,1.15,14.99,3.25,0.95,1.15,0.99,1.29,1.6,0.59,0.99,0.79,0.95,0.79,1.19,1.99,0.69,0.69
1.39,2.99,1.09,0.95,0.95,0.65,1.39,0.48,0.95,0.89,1.35,1.09,1.29,1.69,0.69,0.8,0.95,1.29,0.79,0.75,0.49,1.15,14.99,3.25,0.95,1.15,0.99,1.29,1.6,0.59,0.99,0.79,0.95,0.79,1.19,1.99,0.69,0.69
1.39,2.99,1.09,0.95,0.95,0.65,1.39,0.48,0.95,0.89,1.35,1.09,1.29,1.69,0.69,0.8,0.95,1.29,0.79,0.75,0.49,1.15,14.99,3.25,0.95,1.15,0.99,1.29,1.6,0.59,0.99,0.79,0.95,0.79,1.19,1.99,0.69,0.69
1.39,2.99,1.15,0.95,0.99,0.65,1.39,0.48,0.95,0.89,1.35,1.09,1.29,1.69,0.69,0.8,0.95,1.29,0.79,0.75,0.49,1.15,14.99,3.25,0.95,1.15,0.99,1.29,1.6,0.59,0.99,0.79,0.95,0.79,1.19,1.99,0.69,0.69
1.39,2.99,1.15,0.95,0.99,0.65,1.39,0.48,0.95,0.89,1.35,1.09,1.29,1.69,0.69,0.8,0.95,1.29,0.79,0.75,0.49,1.15,14.99,3.25,0.95,1.15,0.99,1.39,1.6,0.59,0.99,0.79,0.95,0.79,1.19,1.99,0.69,0.69
1.39,2.99,1.15,0.95,0.99,0.65,1.39,0.48,0.95,0.89,1.35,1.09,1.29,1.69,0.69,0.8,0.95,1.29,0.79,0.75,0.49,1.15,14.99,3.25,0.95,1.15,0.99,1.39,1.6,0.59,0.99,0.79,0.95,0.79,1.19,1.99,0.69,0.69
1.39,2.99,1.15,0.95,0.99,0.65,1.39,0.48,0.95,0.89,1.35,1.09,1.29,1.69,0.69,0.8,0.95,1.29,0.79,0.75,0.49,1.15,14.99,3.25,0.95,1.15,0.99,1.39,1.6,0.59,0.99,0.79,0.95,0.79,1.19,1.99,0.69,0.69
1.39,2.99,1.15,0.95,0.99,0.65,1.39,0.48,0.95,0.89,1.35,1.09,1.29,1.69,0.69,0.8,0.95,1.29,0.79,0.75,0.49,1.15,14.99,3.25,0.95,1.15,0.99,1.39,1.6,0.59,0.99,0.79,0.95,0.79,1.19,1.99,0.69,0.69
1.39,2.99,1.15,0.95,0.99,0.65,1.39,0.48,0.95,0.89,1.35,1.09,1.29,1.69,0.69,0.8,0.95,1.29,0.79,0.75,0.49,1.15,14.99,3.25,0.95,1.15,0.99,1.39,1.6,0.59,0.99,0.79,0.95,0.79,1.19,1.99,0.69,0.69
1.39,2.99,1.15,0.95,0.99,0.65,1.39,0.49,1.05,0.95,1.35,1.15,1.29,1.69,0.69,0.8,0.95,1.29,0.79,0.75,0.49,1.15,14.99,3.25,0.95,1.15,0.99,1.39,1.6,0.59,0.99,0.79,0.95,0.79,1.19,1.99,0.69,0.69
1.39,2.99,1.15,0.95,0.99,0.65,1.39,0.49,1.05,0.95,1.35,1.15,1.29,1.69,0.69,0.8,0.95,1.29,0.79,0.75,0.49,1.15,14.99,3.25,0.95,1.15,0.99,1.39,1.6,0.59,0.99,0.79,0.95,0.79,1.19,1.99,0.69,0.69
1.39,2.99,1.15,0.95,0.99,0.65,1.39,0.49,1.05,0.95,1.35,1.15,1.29,1.69,0.69,0.8,0.95,1.29,0.79,0.75,0.49,1.15,14.99,3.25,0.95,1.15,0.99,1.39,1.6,0.59,0.99,0.79,0.95,0.79,1.19,1.99,0.69,0.69
1.39,2.99,1.15,0.95,0.99,0.65,1.39,0.49,1.05,0.95,1.35,1.15,1.29,1.69,0.69,0.8,0.95,1.29,0.79,0.75,0.49,1.15,14.99,3.25,0.95,1.15,0.99,1.39,1.6,0.59,0.99,0.79,0.95,0.79,1.19,1.99,0.69,0.69
1.39,2.99,1.15,0.95,0.99,0.65,1.39,0.49,1.05,0.95,1.35,1.15,1.29,1.69,0.69,0.8,0.95,1.29,0.79,0.75,0.49,1.15,14.99,3.25,0.95,1.15,0.99,1.39,1.6,0.59,0.99,0.79,0.95,0.79,1.19,1.99,0.69,0.69
1.39,2.99,1.15,0.95,0.99,0.65,1.39,0.49,1.05,0.95,1.35,1.15,1.29,1.69,0.69,0.8,0.95,1.29,0.79,0.75,0.49,0.99,14.99,3.25,0.95,1.15,0.99,1.39,1.6,0.59,0.99,0.79,0.95,0.79,1.19,1.99,0.69,0.69
1.39,2.99,1.15,0.95,0.99,0.65,1.39,0.49,1.05,0.95,1.35,1.15,1.29,1.69,0.69,0.8,0.95,1.29,0.79,0.75,0.49,0.99,14.99,3.25,0.95,1.15,0.99,1.39,1.6,0.59,0.99,0.79,0.95,0.79,1.19,1.99,0.69,0.69
