"29437, Sea kaelakarbonaadi lõigud, SELVER, kg","29438, Sea välisfileest minutipihvid, SELVER, kg","30241, Sea kaelakarbonaad ürdimarinaadis, SELVER, kg","4624, Grill-liha punase veini marinaadis sea välisfileest, RAKVERE LK, 500 g","8881, Sea kaelakarbonaad, RAKVERE LK, kg","8883, Sea sisefilee, RAKVERE LK, kg","7689, Sea välisfilee kamaraga, RAKVERE LK, kg","32488, Sea välisfilee punaseveini marinaadis, SELVER, kg","31092, Sea välisfilee suitsusink, RANNAROOTSI, 150 g","8390, Suitsutatud sea välisfilee, RAKVERE LK, 130 g","31382, Sea välisfilee karulaugumarinaadis, SELVER, kg","8900, Sea kaelakarbonaad, RAKVERE LK,","29439, Sea välisfilee kamaraga, RAKVERE LK, kg","29443, Sea välisfilee, RAKVERE LK, kg","29444, Sea sisefilee, RAKVERE LK, kg","Sea kaelakarbonaad, kg, RAKVERE","Sea välisfilee, kg, RAKVERE","Sea sisefilee, kg, RAKVERE","Sea välisfilee, suitsutatud 130 g, RAKVERE",Rakvere Suitsutatud sea välisfilee 130g,Rannarootsi Sveitsi šnitsel sea välisfileest 400g,Rannarootsi Viini šnitsel sea välisfileest 400g,Rakvere grill-liha sea välisfileest 500g punase veini marin.,"919198, Sea sisefilee Rakvere kg","288361, Sea kaelakarbonaadi lõigud kondita 340g","292724, Sea välisfilee kondita viilutatud Rimi 720g","904668, Sea välisfilee Rakvere kg","976907, Sea välisfilee karulaugu-hapukoore marinaadis",Karni Sea kaelakarbonaadi lõigud 600g jahutatud,Linnamäe sea välisfilee ~1.2kg maitsestatud,"8882, Sea välisfilee, RAKVERE LK, kg","288492, Sea välisfilee lõigud kondita 310g","Punase veini marinaadis grill-liha sea välisfileest, kg, TALLEGG","987865, Grillmeistri šašlõkk sea kaelakarb. 700g","200794, Sea välisfilee Rakvere kg","202051, Sea kaelakarbonaad Rakvere kg","Punase veini marinaadis grill-liha sea välisfileest, kg, RAKVERE","904983, Maasuitsu sea välisfilee kg Rebaseonu"
7.59,8.59,7.99,4.59,6.99,8.59,6.99,8.49,1.89,1.99,8.59,6.99,6.99,6.99,7.59,3.55,5.99,7.89,1.29,1.39,4.15,4.15,5.29,6.79,2.69,5.39,5.89,8.99,5.49,7.99,7.99,2.69,7.29,6.49,6.49,6.49,7.29,16.97
7.59,8.59,7.99,4.59,6.99,8.59,6.99,8.49,1.89,1.99,8.59,6.99,6.99,6.99,7.59,6.39,5.99,7.89,1.29,1.39,4.15,4.15,5.29,6.79,2.69,5.39,5.89,8.99,5.49,7.99,7.99,2.69,7.29,6.49,6.49,6.49,7.29,16.97
7.59,8.59,7.99,4.59,6.99,8.59,6.99,8.49,1.89,1.99,8.59,6.99,6.99,6.99,7.59,6.39,5.99,7.89,1.29,1.39,4.15,4.15,5.29,6.79,2.69,5.39,5.89,8.99,5.49,7.99,7.99,2.69,7.29,6.49,6.49,6.49,7.29,16.97
7.59,8.59,7.99,4.59,6.99,8.59,6.99,8.49,1.89,1.99,8.59,6.99,6.99,6.99,7.59,6.39,5.99,7.89,1.29,1.39,4.15,4.15,5.29,6.79,2.69,5.39,5.89,8.99,5.49,7.99,7.99,2.69,7.29,6.49,6.49,6.49,7.29,16.97
7.59,8.59,7.99,4.59,6.99,8.59,6.99,8.49,1.89,1.99,8.59,6.99,6.99,6.99,7.59,6.39,5.99,7.89,1.29,1.39,4.15,4.15,5.29,6.79,2.69,5.39,5.89,8.99,5.49,7.99,7.99,2.69,7.29,6.49,6.49,6.49,7.29,16.97
7.59,8.59,7.99,4.59,6.99,8.59,6.99,8.49,1.89,1.99,8.59,6.99,6.99,6.99,7.59,6.39,5.99,7.89,1.29,1.39,4.15,4.15,5.29,6.79,2.69,5.39,5.89,8.99,5.49,7.99,7.99,2.69,7.29,6.49,6.49,6.49,7.29,16.97
7.59,8.59,7.99,4.59,6.99,8.59,6.99,8.49,1.89,1.99,8.59,6.99,6.99,6.99,7.59,6.39,5.99,7.89,1.29,1.39,4.15,4.15,5.29,6.79,2.69,5.39,5.89,8.99,5.49,7.99,7.99,2.69,7.29,6.49,6.49,6.49,7.29,16.97
7.59,8.59,7.99,4.59,6.99,8.59,6.99,8.49,1.89,1.99,8.59,6.99,6.99,6.99,7.59,6.39,5.99,7.89,1.29,1.39,4.15,4.15,5.29,6.79,2.69,5.39,5.89,8.99,5.49,7.99,7.99,2.69,7.29,6.49,6.49,6.49,7.29,16.97
7.59,8.59,7.99,4.59,6.99,8.59,6.99,8.49,1.89,1.99,8.59,6.99,6.99,6.99,7.59,6.39,5.99,7.89,1.29,1.39,4.15,4.15,5.29,6.79,2.69,5.39,5.89,8.99,5.49,7.99,7.99,2.69,7.29,6.49,6.49,6.49,7.29,16.97
7.59,8.59,7.99,4.59,6.99,8.59,6.99,8.49,1.89,1.99,8.59,6.99,6.99,6.99,7.59,6.39,5.99,7.89,1.29,1.39,4.15,4.15,5.29,6.79,2.69,5.39,5.89,8.99,5.49,7.99,7.99,2.69,7.29,6.49,6.49,6.49,7.29,16.97
7.59,8.59,7.99,4.59,6.99,8.59,6.99,8.49,1.89,1.99,8.59,6.99,6.99,6.99,7.59,6.39,5.99,7.89,1.29,1.39,4.15,4.15,5.29,6.79,2.69,5.39,5.89,8.99,5.49,7.99,7.99,2.69,7.29,6.49,6.49,6.49,7.29,16.97
7.59,8.59,7.99,4.59,6.99,8.59,6.99,8.49,1.89,1.99,8.59,6.99,6.99,6.99,7.59,6.39,5.99,7.89,1.29,1.39,4.15,4.15,5.29,6.79,2.69,5.39,5.89,8.99,5.49,7.99,7.99,2.69,7.29,6.49,6.49,6.49,7.29,16.97
7.59,8.59,7.99,4.59,6.99,8.59,6.99,8.49,1.89,1.99,8.59,6.99,6.99,6.99,7.59,6.39,5.99,7.89,1.29,1.39,4.15,4.15,5.29,6.79,2.69,5.39,5.89,8.99,5.49,7.99,7.99,2.69,7.29,6.49,6.49,6.49,7.29,16.97
7.59,8.59,7.99,4.59,6.99,8.59,6.99,8.49,1.89,1.99,8.59,6.99,6.99,6.99,7.59,6.39,5.99,7.89,1.29,1.39,4.15,4.15,5.29,6.79,2.69,5.39,5.89,8.99,5.49,7.99,7.99,2.69,7.29,6.49,6.49,6.49,7.29,16.97
7.59,8.59,7.99,4.59,6.99,8.59,6.99,8.49,1.89,1.99,8.59,6.99,6.99,6.99,7.59,6.39,5.99,7.89,1.29,1.39,4.15,4.15,5.29,6.79,2.69,5.39,5.89,8.99,5.49,7.99,7.99,3.29,7.29,6.49,6.49,6.49,7.29,16.97
7.59,8.59,7.99,4.59,6.99,8.59,6.99,8.49,1.89,1.99,8.59,6.99,6.99,6.99,7.59,6.39,5.99,7.89,1.29,1.39,4.15,4.15,5.29,6.79,2.69,5.39,5.89,8.99,5.49,7.99,7.99,3.29,7.29,6.49,6.49,6.49,7.29,16.97
7.59,8.59,7.99,4.59,6.99,8.59,6.99,8.49,1.89,1.99,8.59,6.99,6.99,6.99,7.59,6.39,5.99,7.89,1.29,1.39,4.15,4.15,5.29,6.79,2.69,5.39,5.89,8.99,5.49,7.99,7.99,3.29,7.29,6.49,6.49,6.49,7.29,16.97
7.59,8.59,7.99,4.59,6.99,8.59,6.99,8.49,1.89,1.99,8.59,6.99,6.99,6.99,7.59,6.39,5.99,7.89,1.29,1.39,4.15,4.15,5.29,6.79,2.69,5.39,5.89,8.99,5.49,7.99,8.49,3.29,7.29,6.49,6.49,6.49,7.29,16.97
7.59,8.59,7.99,4.59,6.99,8.59,6.99,8.49,1.89,1.99,8.59,6.99,6.99,6.99,7.59,6.39,5.99,7.89,1.29,1.39,4.15,4.15,5.29,6.79,2.69,5.39,5.89,8.99,5.49,7.99,8.49,3.29,7.29,6.49,6.49,6.49,7.29,16.97
7.59,8.59,7.99,4.59,6.99,8.59,6.99,8.49,1.89,1.99,8.59,6.99,6.99,6.99,7.59,6.39,5.99,7.89,1.29,1.39,4.15,4.15,5.29,6.79,2.69,5.39,5.89,8.99,5.49,7.99,8.49,3.29,7.29,6.49,6.49,6.49,7.29,16.97
7.59,8.59,7.99,4.59,6.99,8.59,6.99,8.49,1.89,1.99,8.59,6.99,6.99,6.99,7.59,6.39,5.99,7.89,1.29,1.39,4.15,4.15,5.29,6.79,2.69,5.39,5.89,8.99,5.49,7.99,8.49,3.29,7.29,6.49,6.49,6.49,7.29,16.97
7.59,8.59,7.99,4.59,6.99,8.59,6.99,8.49,1.89,1.99,8.59,6.99,6.99,6.99,7.59,6.39,5.99,7.89,1.29,1.39,4.15,4.15,5.29,6.79,3.29,5.39,5.89,8.99,5.49,7.99,8.49,3.29,7.29,6.49,6.49,6.49,7.29,16.97
7.59,8.59,7.99,4.59,6.99,8.59,6.99,8.49,1.89,1.99,8.59,6.99,6.99,6.99,7.59,6.39,5.99,7.89,1.29,1.39,4.15,4.15,5.29,6.79,3.29,5.39,5.89,8.99,5.49,7.99,8.49,3.29,7.29,6.49,6.49,6.49,7.29,16.97
7.59,8.59,7.99,4.59,6.99,8.59,6.99,8.49,1.89,1.99,8.59,6.99,6.99,6.99,7.59,6.39,5.99,7.89,1.29,1.39,4.15,4.15,5.29,6.79,3.29,5.39,5.89,8.99,5.49,7.99,8.49,3.29,7.29,6.49,6.49,6.49,7.29,16.97
7.59,8.59,7.99,4.59,6.99,8.59,6.99,8.49,1.89,1.99,8.59,6.99,6.99,6.99,7.59,6.39,5.99,7.89,1.29,1.39,4.15,4.15,5.29,6.79,3.29,5.39,5.89,8.99,5.49,7.99,8.49,3.29,7.29,6.49,6.49,6.49,7.29,16.97
7.59,8.59,7.99,4.59,6.99,8.59,6.99,8.49,1.89,1.99,8.59,6.99,6.99,6.99,7.59,6.39,5.99,7.89,1.29,1.39,4.15,4.15,5.29,7.49,3.29,5.39,5.89,8.99,5.49,7.99,8.49,3.29,7.29,6.49,6.49,6.49,7.29,16.97
7.59,8.59,7.99,4.59,6.99,8.59,6.99,8.49,1.89,1.99,8.59,6.99,6.99,6.99,7.59,6.39,5.99,7.89,1.29,1.39,4.15,4.15,5.29,7.49,3.29,5.39,5.89,8.99,5.49,7.99,8.49,3.29,7.29,6.49,6.49,6.49,7.29,16.97
7.59,8.59,7.99,4.59,6.99,8.59,6.99,8.49,1.89,1.99,8.59,6.99,6.99,6.99,7.59,6.39,5.99,7.89,1.29,1.39,4.15,4.15,5.29,7.49,3.29,5.39,5.89,8.99,5.49,7.99,8.49,3.29,7.29,6.49,6.49,6.49,7.29,16.97
7.59,8.59,7.99,4.59,6.99,8.59,6.99,8.49,1.89,1.99,8.59,6.99,6.99,6.99,7.59,6.39,5.99,7.89,1.29,1.39,4.15,4.15,5.29,7.49,3.29,5.39,5.89,8.99,5.49,7.99,8.49,3.29,7.29,6.49,6.49,6.49,7.29,16.97
7.59,8.59,7.99,4.59,6.99,8.59,6.99,8.49,1.89,1.99,8.59,6.99,6.99,6.99,7.59,6.39,5.99,7.89,1.29,1.39,4.15,4.15,5.29,7.49,3.29,5.39,5.89,8.99,5.49,7.99,8.49,3.29,7.29,6.49,6.49,6.49,7.29,16.97
7.59,8.59,7.99,4.59,6.99,8.59,6.99,8.49,1.89,1.99,8.59,6.99,6.99,6.99,7.59,6.39,5.99,7.89,1.29,1.39,4.15,4.15,5.29,7.49,3.29,5.39,5.89,8.99,5.49,7.99,8.49,3.29,7.29,6.49,6.49,6.49,7.29,16.97
7.59,8.59,7.99,4.59,6.99,8.59,6.99,8.49,1.89,1.99,8.59,6.99,6.99,6.99,7.59,6.39,5.99,7.89,1.29,1.39,4.15,4.15,5.29,7.49,3.29,5.79,5.89,8.99,5.49,7.99,8.49,3.29,7.29,6.49,6.49,6.49,7.29,16.97
7.59,8.59,7.99,4.59,6.99,8.59,6.99,8.49,1.89,1.99,8.59,6.99,6.99,6.99,7.59,6.39,5.99,7.89,1.29,1.39,4.15,4.15,5.29,7.49,3.29,6.49,5.89,8.99,5.49,7.99,8.49,3.29,7.29,6.49,6.49,6.49,7.29,16.97
7.59,8.59,7.99,4.59,6.99,8.59,6.99,8.49,1.89,1.99,8.59,6.99,6.99,6.99,7.59,6.39,5.99,7.89,1.29,1.39,4.15,4.15,5.29,7.49,3.29,6.49,5.89,8.99,5.49,7.99,8.49,3.29,7.29,6.49,6.49,6.49,7.29,16.97
7.59,8.59,7.99,4.59,6.99,8.59,6.99,8.49,1.89,1.99,8.59,6.99,6.99,6.99,7.59,6.39,5.99,7.89,1.29,1.39,4.15,4.15,5.29,7.49,3.29,6.49,5.89,8.99,5.49,7.99,8.49,3.29,7.29,6.49,6.49,6.49,7.29,16.97
7.59,8.59,7.99,4.59,6.99,8.59,6.99,8.49,1.89,1.99,8.59,6.99,6.99,6.99,7.59,6.39,5.99,7.89,1.29,1.39,4.15,4.15,5.29,7.49,3.29,6.49,5.89,8.99,5.49,7.99,8.49,3.29,7.29,6.49,6.49,6.49,7.29,16.97
7.59,8.59,7.99,4.59,6.99,8.59,6.99,8.49,1.89,1.99,8.59,6.99,6.99,6.99,7.59,6.39,5.99,7.89,1.29,1.39,4.15,4.15,5.29,7.49,3.29,6.49,5.89,8.99,5.49,7.99,8.49,3.29,7.29,6.49,6.49,6.49,7.29,16.97
7.59,8.59,7.99,4.59,6.99,8.59,6.99,8.49,1.89,1.99,8.59,6.99,6.99,6.99,7.59,6.39,5.99,7.89,1.29,1.39,4.15,4.15,5.29,7.49,3.29,6.49,5.89,8.99,5.49,7.99,8.49,3.29,7.29,6.49,6.49,6.49,7.29,16.97
7.59,8.59,7.99,4.59,6.99,8.59,6.99,8.49,1.89,1.99,8.59,6.99,6.99,6.99,7.59,7.29,6.99,7.99,1.29,1.39,4.15,4.15,5.29,7.49,3.29,6.49,5.89,8.99,5.49,7.99,8.49,3.29,7.29,6.49,6.49,6.49,7.29,16.97
8.59,9.59,8.99,4.59,7.99,9.99,7.99,8.49,1.89,1.99,9.59,8.49,6.99,7.99,7.59,7.29,6.99,7.99,1.29,1.39,4.15,4.15,5.29,7.49,3.29,6.49,5.89,8.99,5.49,7.99,8.99,3.29,7.29,6.49,6.49,6.49,7.29,16.97
