"30389, Kiviahjupizza BBQ chicken, GRANDIOSA, 310 g","32364, Pitsataigen, EESTI PAGAR, 600 g","9607, Pitsasink, MAKS&MOORITS, 250 g","32983, Hot dogi pizza mozzarella ja cheddari juustuga, RANNAROOTSI, 531 g","5654, Pitsakate, NÕO, 300 g","32309, Pitsa rebitud sealihaga Party, VICI, 350 g","31278, Ristorante 4 Juustu pitsa, DR.OETKER, 340 g","31281, Ristorante Salaami gluteenivaba pitsa, DR.OETKER, 315 g","7149, Pitsa ja pasta kaste, POMI, 500 g","13264, Pitsalõikur, FISKARS, 1 tk","4975, Pitsa Vulcano hakkliha ja jalapenoga Go4, VICI, 335 g","30931, Kiviahjupizza Hawaii, GRANDIOSA, 350 g","31347, Suur hakkliha-juustu pitsa tomatikastm., PREMIA, 375 g","32852, Glut.vaba pizzapõhja segu, BAUCKHOF, 350 g","31844, Tomatikaste pitsale, PANZANI, 390 g","4966, Pitsapõhjad, VICI, 320 g","31346, Suur singi-juustu pitsa tomatikastm., PREMIA, 330 g","31348, Suur kana-juustu pitsa tomatikastmega, PREMIA, 355 g","31349, Suur nelja-juustu pitsa tomatikastm., PREMIA, 340 g","31718, Pitsarull, EESTI PAGAR, 400 g","30390, Kiviahjupizza Superiore for Meat Lovers, GRANDIOSA, 350 g","33411, Pitsapõhi 2x130g, MOILAS, 260 g","6002, Pitsapõhjapulber, TARTU MILL, 400 g","3901407, Vegan pitsakate, BEDDA, 150 g","3916504, FIT kanapitsa krõbeda lillkapsa põhjaga, PREMIA, 380 g","61024, HULGI, Pitsakate 3tk, NÕO, 3 x 300 g","71653, Pitsasaiake 4tk, RÕNGU PAGAR, 160 g","Pitsakate 300 g, NÕO","Pizzakate 370 g, SAAREMAA","Pizzasalaami nööbid 200 g, KARNI","Pizzariiv, 200 g, SYNNOVE","Pitsariiv, 500 g, X-TRA","Singipitsa 200 g, SAARIOINEN","Hakklihapitsa 200 g, ATRIA","Salaamipitsa 200 g, ATRIA","BBQ kanapitsa 200 g, ATRIA","Singi-ananassipitsa 200 g, ATRIA","Pepperoni pitsa 490 g, CHEF LUNDEN","Pizza Opera Special 390 g, CHEF LUNDEN","Pizza Pollo BBQ 385 g, CHEF LUNDEN","Pizza Prosciutto Crudo 375 g, CHEF LUNDEN","Hakklihapitsa 200 g, SAARIOINEN","Pitsapõhjapulber 400 g, VILMA","Õhukese pitsapõhja pulber 400 g, VILMA","Veski Mati Pitsa küpsetussegu 400 g, VESKI MATI","Artesaani pizzajahu 660 g, FAZER","Fazer pizzajahusegu 650 g   gluteenivaba, FAZER","Pepperoni minipitsad, 216 g, RISTORANTE","Saucy Motz pitsa 500 g, WICKED KITCHEN","Pannipitsa Hot Mexican 625g, GRANDIOSA","Pannipitsa Classic 570g, GRANDIOSA","Wicked meaty pitsa, 500 g, WICKED KITCHEN","Mozzarellapitsa, 350 g, RAINBOW","Salaamipitsa, 345 g, RAINBOW","Salaamipitsa, 2 x 280 g, X-TRA","Singipitsa EESTI PAGAR, 116g",Pizzamaitseaine SANTA MARIA 5g,"Külm.pitsa Speciale MEGA DI CATO, 325g","Külm.pitsa BBQ Chicken GRANDIOSA, 310g","Pitsakate NÕO, 300g","Külm.pitsa Superiore GRANDIOSA, 350g","Külm. pitsa Mafia MEGA DI CATO,380g","Külm. pitsa Supreme MEGA DI CATO,380g","Külm. pitsa RISTORANTE Mozzarella, 335g","Külm. pitsa RISTORANTE Prosciutto, 330g","Külm.pitsarull EESTI PAGAR, 400g","Külm. singi-juustu pitsa PREMIA, 330g","Külm. hakkliha-juustu pitsa PREMIA,375g","Külm. kana-juustu pitsa PREMIA, 355g","Külm.pitsa VICI suits.pepperoniga,300g","Külm.pitsa VICI Neapoli tomat-oliiv.,300","Külm.pizza Margarita MEGA DI CATO, 300g",Pitsapõhjapulber VILMA 400g,Pitsapõhjapulber TARTU MILL 400g,Tomatikaste pitsale PANZANI 390g,Coop Pizza Margherita 350g külmutatud,Coop Nelja-juustupizza 340g külmutatud,Rannarootsi Hot dogi pizza salaamiga 551g,Rannarootsi Hot dogi pizza mozzarella-cheddari juustuga 531g,Härmavili hakklihapitsa 310g külmutatud,Härmavili singipitsa 320g külmutatud,Maks&Moorits 77.7% pitsasink 250g,Oskar pitsakate 250g,Saarionen hakklihapitsa 200g jahutatud,Eesti Pagar Pitsarull 400g,Nõo Pitsakate 300g,Ristorante salaamipitsa 315g gluteenivaba,Ristorante pitsa 4 juustu 340g külmutatud,Ristorante Prosciutto singipitsa 330g külmutatud,"Grandiosa Superiore pizza 350g kiviahju, külmutatud","Grandiosa BBQ Chicken pizza 310g kiviahju, külmutatud",Vici Go4 pitsa Tropicana 335g singi-ananassi,Vici Go4 pitsa bolognese 335g hakkliha-tomati,Vici Go4 pitsa pepperoni 335g külmutatud,Vici pizzapõhjad 2*160g külmutatud,Premia Suur kana-juustu pitsa 355g tomatikastmega,Premia Suur hakkliha-juustu pitsa 375g tomatikastmega,Premia Suur singi-juustu pitsa 330g tomatikastmega,Santa Maria pizzamaitseaine 9g,Meira Pizzamaitseaine 10g,Santa Maria Pizzamaitseaine 5g,Premia hakkliha-juustu pitsa 240g külmutatud,Tartu Mill Pitsapõhja segujahu 400g,Vilma Õhukese pitsapõhjapulber 400g,Vilma pitsapõhjapulber 400g,"Eesti Pagar Pitsataigen 600g, 2*300g","Grandiosa Pepperoni pizza 300g kiviahju, külmutatud","973758, Hot dogi pizza mozza ja cheddariga 531g","973768, Hot dogi pizza salaamiga 551g","273586, Hakklihapitsa Mamma Saarioinen 200g","265265, Pizzakate Nõo 300g","810803, Pitsa Quattro Formaggi Rimi 570G","801130, Pitsa salaamiga Rimi 320g","801127, Pitsa singiga Rimi 320g","971661, Vegan alternatiiv pitsale riivitud 150g","810802, Pitsa Royale Rimi 570G","974093, Pepperoni pizza Lunden 490g","271828, Riivjuust Pizzariiv Synnove 200g","808706, Kolmejuustupitsa juustuäärega Rimi 431G","801128, Pitsa pepperoniga Rimi 320g","809650, Pitsa kebabi Rimi 380g","809637, Pitsa Capricciosa Rimi 370g","952601, Pitsataigen Eesti Pagar 2x300g","812879, Pitsa 4 juustuga Rimi Express 345g","812436, Pitsa Rimi Basic singi ja seente 325g","947743, Pitsasink 77,7% 250g","102734, Pizzapõhjapulber Vilma 400g","937103, Grandiosa BBQ Chicken kiviahjupizza 310g","939439, Grandiosa Pepperoni kiviahjupizza 340 g","132959, Pizzapõhjapulber õhuke Vilma 400g","934052, Pitsa salaami ja chorizo Feliciana 320g","937102, Grandiosa Meat Lovers kiviahjupizza 350g","1002617, Pitsa Ristorante Mozzarella gl.free 370g","155212, Pitsajahu Tartu Mill 400g","811899, Pitsakaste Rimi 390g","192391, Tomatikaste pitsale Panzani 390g","7225435, Mängukomplekt Pitsakiosk Lego","153455, Pitsapõhi gluteenivaba Schär 300g","194742, Segujahu Itaalia pitsale City Taste 470g","194289, Pitsakaste aromatica Mutti 400g","5519, Pizzariiv, SYNNOVE, 200 g","968986, Singi-juustupitsa Rimi pagaritelt 100g","986034, Minipitsa Vürtsikas nõiake 180g","5202349, Juustuäärega pitsa mozzarella ja pepperoni’ga, RANNAROOTSI, 475 g","Vegan riivitud pitsakate, 150 g, BEDDA","33405, Ristorante Piccolissima 3 juustu pitsa, DR. OETKER, 216 g","4721, Õhukese pitsapõhja pulber, VILMA, 400 g","33075, Singipitsa, HÄRMAVILI, 320 g","32984, Hot dogi pizza salaamiga, RANNAROOTSI, 551 g","5282, Pitsapõhjapulber, VILMA, 400 g","934826, Pitsa ristorante mozzarella 335g","934818, Pitsa ristorante prosciutto 330g","296859, Singi-ja šampinjonipitsa külmut. 425g","934809, Pitsa ristorante hawaii 355g","Serrano pitsa 490 g, CHEF LUNDEN","Pitsapõhjad 4 tk, 360 g, KOTIMAISTA","Pizzariiv SYNNOVE, 200g","5324783, HULGI Hot dogi pizza salaamiga 3 tk, RANNAROOTSI, 3 x 551g","928084, Pitsariiv Violife 200g","Pizza Prosciutto Crudo 375 g, ROSSO","Rainbow veganpitsa, 410 g, RAINBOW","Pizza mozzarella ja cheddari juustuga, 531 g uudis!, RANNAROOTSI","Pizza salaamiga ,551 g, RANNAROOTSI","Grand Vego Mexicana kiviahjupitsa  350g, GRANDIOSA","Mozzarella pitsa, gluteenivaba, 370 g, RISTORANTE","Gluteenivabad pitsapõhjad 260 g, MOILAS","Suur nelja-juustu pitsa tomatikastmega 340 g, PREMIA","Suur kana-juustu pitsa tomatikastmega 355 g, PREMIA","Perepitsa hakklihaga 525 g, GRANDIOSA","Perepitsa Hawaii 530 g, GRANDIOSA","Pannipitsa Double Pepperoni 590g, GRANDIOSA",Rannarootsi Juustuäärega pitsa mozzarella ja pepperoniga 475g,"Pizza Opera Special 390 g, ROSSO","194914, Nisujahu 00 Pitsa Il Molino Chiavazza 1kg",Premia FIT kanapitsa krõbeda lillkapsa põhjaga 380g,"Kana BBQ pizza 980 g, CHEF LUNDEN","5757988, Pitsa Ristorante Mozzarella","5757775, Pitsa Ristorante Hawaii","5757777, Pitsa Ristorante 4 juustu","5757849, Pitsa Ristorante Speciale","5757776, Pitsa Ristorante Prosciutto","Veganpitsa Capricciosa, 350 g, NATURLI","Pizza Pollo BBQ 385 g, ROSSO","5757849, Pitsa Ristorante Speciale, DR.OETKER, 345g","5757775, Pitsa Ristorante Hawaii, DR.OETKER, 355g","5757776, Pitsa Ristorante Prosciutto, DR.OETKER, 340g","5757777, Pitsa Ristorante 4 juustu, DR.OETKER, 340g","5757988, Pitsa Ristorante Mozzarella, DR.OETKER, 335g"
2.99,1.29,2.19,4.69,1.69,2.69,2.99,3.99,1.99,11.99,2.39,3.29,2.69,3.29,1.99,1.49,2.69,2.69,2.69,2.79,3.29,4.99,1.19,3.29,4.19,4.5,1.29,2.19,2.79,1.65,1.39,2.59,1.79,1.49,1.59,1.59,1.59,4.99,5.49,5.49,5.49,1.79,1.29,1.29,0.89,2.59,4.69,3.29,7.99,4.59,4.59,7.99,2.49,2.49,2.15,1.25,0.75,1.29,2.99,1.99,2.99,2.49,2.49,2.99,2.99,2.69,2.59,2.59,2.59,1.99,1.99,2.49,0.99,1.19,1.89,2.99,3.35,5.19,5.19,3.09,3.09,2.25,1.95,1.69,2.95,2.29,4.49,2.99,2.99,3.19,2.69,2.69,2.69,2.69,1.55,2.95,2.95,2.95,1.59,0.56,0.84,1.79,1.45,1.45,1.45,1.55,3.19,4.85,4.85,1.75,2.15,3.99,2.59,2.59,3.39,3.99,4.99,1.39,3.99,2.59,2.49,2.49,1.29,2.69,1.95,2.19,1.29,2.99,3.19,1.29,3.29,3.19,3.99,1.19,1.55,1.99,9.99,5.99,1.39,1.89,1.39,0.87,2.69,4.69,2.89,3.79,1.29,3.19,3.59,1.29,3.49,3.49,3.69,3.49,5.69,1.49,1.39,9.9,3.99,5.49,2.49,4.79,4.79,2.99,3.79,3.99,2.79,2.79,4.99,4.99,4.59,4.59,5.49,2.39,4.75,7.99,3.39,3.39,3.39,3.39,3.39,3.79,5.49,3.39,3.39,3.39,3.39,3.39
2.99,1.29,2.19,4.69,1.69,2.69,2.99,3.99,1.99,11.99,2.39,3.29,2.69,3.29,1.99,1.49,2.69,2.69,2.69,2.79,3.29,4.99,1.19,3.29,4.19,4.5,1.29,2.19,2.79,1.65,1.39,2.59,1.79,1.49,1.59,1.59,1.59,4.99,5.49,5.49,5.49,1.79,1.29,1.29,0.89,2.59,4.69,3.29,7.99,4.59,4.59,7.99,2.49,2.49,2.15,1.25,0.75,1.29,2.99,1.99,2.99,2.49,2.49,2.99,2.99,2.29,2.59,2.59,2.59,1.99,1.99,2.49,1.29,1.19,1.89,2.99,3.35,5.19,5.19,3.09,3.09,2.25,1.95,1.69,2.95,2.29,4.49,2.99,2.99,3.19,2.69,2.69,2.69,2.69,1.55,2.95,2.95,2.95,1.59,0.56,0.84,1.79,1.45,1.45,1.45,1.55,3.19,4.85,4.85,1.75,2.15,3.99,2.59,2.59,3.39,3.99,4.99,1.39,3.99,2.59,2.49,2.49,1.29,2.69,1.95,2.19,1.29,2.99,3.19,1.29,3.29,3.19,3.99,1.19,1.55,1.99,9.99,5.99,1.39,1.89,1.39,0.87,2.69,4.69,2.89,3.79,1.29,3.19,3.59,1.29,3.49,3.49,3.69,3.49,5.69,1.49,1.39,9.9,3.99,5.49,2.49,4.79,4.79,2.99,3.79,3.99,2.79,2.79,4.99,4.99,4.59,4.59,5.49,2.39,4.75,7.99,3.39,3.39,3.39,3.39,3.39,3.79,5.49,3.39,3.39,3.39,3.39,3.39
2.99,1.29,2.19,4.69,1.69,2.69,2.99,3.99,1.99,11.99,2.39,3.29,2.69,3.29,1.99,1.49,2.69,2.69,2.69,2.79,3.29,4.99,1.19,3.29,4.19,4.5,1.29,2.19,2.79,1.65,1.39,2.59,1.79,1.49,1.59,1.59,1.59,4.99,5.49,5.49,5.49,1.79,1.29,1.29,0.89,2.59,4.69,3.29,7.99,4.59,4.59,7.99,2.49,2.49,2.15,1.25,0.75,1.29,2.99,1.99,2.99,2.49,2.49,2.99,2.99,2.29,2.79,2.79,2.79,1.99,1.99,2.49,1.29,1.19,1.89,2.99,3.35,5.19,5.19,3.09,3.09,2.25,1.95,1.69,2.95,2.29,4.49,2.99,2.99,3.19,2.69,2.69,2.69,2.69,1.55,2.95,2.95,2.95,1.59,0.56,0.84,1.79,1.45,1.45,1.45,1.55,3.19,4.85,4.85,1.75,2.15,3.99,2.59,2.59,3.39,3.99,4.99,1.39,3.99,2.59,2.49,2.49,1.29,2.69,1.95,2.19,1.29,2.99,3.19,1.29,3.29,3.19,3.99,1.19,1.55,1.99,9.99,5.99,1.39,1.89,1.39,0.87,2.69,4.69,2.89,3.79,1.29,3.19,3.59,1.29,3.49,3.49,3.69,3.49,5.69,1.49,1.39,9.9,3.99,5.49,2.49,4.79,4.79,2.99,3.79,3.99,2.79,2.79,4.99,4.99,4.59,4.59,5.49,2.39,4.75,7.99,3.39,3.39,3.39,3.39,3.39,3.79,5.49,3.39,3.39,3.39,3.39,3.39
2.99,1.29,2.19,4.69,1.69,2.69,2.99,3.99,1.99,11.99,2.39,3.29,2.69,3.29,1.99,1.49,2.69,2.69,2.69,2.79,3.29,4.99,1.19,3.29,4.19,4.5,1.29,2.19,2.79,1.65,1.39,2.59,1.79,1.49,1.59,1.59,1.59,4.99,5.49,5.49,5.49,1.79,1.29,1.29,0.89,2.59,4.69,3.29,7.99,4.59,4.59,7.99,2.49,2.49,2.15,1.25,0.75,1.29,2.99,1.99,2.99,2.49,2.49,2.99,2.99,2.29,2.79,2.79,2.79,1.99,1.99,2.49,1.29,1.19,1.89,2.99,3.35,5.19,5.19,3.09,3.09,2.25,1.95,1.69,2.95,2.29,4.49,2.99,2.99,3.19,2.69,2.69,2.69,2.69,1.55,2.95,2.95,2.95,1.59,0.56,0.84,1.79,1.45,1.45,1.45,1.55,3.19,4.85,4.85,1.75,2.15,3.99,2.59,2.59,3.39,3.99,4.99,1.39,3.99,2.59,2.49,2.49,1.29,2.69,2.09,2.19,1.29,2.99,3.19,1.29,3.29,3.19,3.99,1.19,1.55,1.99,9.99,5.99,1.39,1.89,1.39,0.87,2.69,4.69,2.89,3.79,1.29,3.19,3.59,1.29,3.49,3.49,3.69,3.49,5.69,1.49,1.39,9.9,3.99,5.49,2.49,4.79,4.79,2.99,3.79,3.99,2.79,2.79,4.99,4.99,4.59,4.59,5.49,2.39,4.75,7.99,3.39,3.39,3.39,3.39,3.39,3.79,5.49,3.39,3.39,3.39,3.39,3.39
2.99,1.29,2.19,4.69,1.69,2.69,2.99,3.99,1.99,11.99,2.39,3.29,2.69,3.29,1.99,1.49,2.69,2.69,2.69,2.79,3.29,4.99,1.19,3.29,4.19,4.5,1.29,2.19,2.79,1.65,1.39,2.59,1.79,1.49,1.59,1.59,1.59,4.99,5.49,5.49,5.49,1.79,1.29,1.29,0.89,2.59,4.69,3.29,7.99,4.59,4.59,7.99,2.49,2.49,2.15,1.25,0.75,1.29,2.99,1.99,2.99,2.49,2.49,2.99,2.99,2.29,2.79,2.79,2.79,1.99,1.99,2.49,1.29,1.19,1.89,2.99,3.35,5.19,5.19,3.09,3.09,2.25,1.95,1.69,2.95,2.29,4.49,2.99,2.99,3.19,2.69,2.69,2.69,2.69,1.55,2.95,2.95,2.95,1.59,0.56,0.84,1.79,1.45,1.45,1.45,1.55,3.19,4.85,4.85,1.75,2.15,3.99,2.59,2.59,3.39,3.99,4.99,1.39,3.99,2.59,2.49,2.49,1.29,2.69,2.09,2.19,1.29,2.99,3.19,1.29,3.29,3.19,3.99,1.19,1.55,1.99,9.99,5.99,1.39,1.89,1.39,0.87,2.69,4.69,2.89,3.79,1.29,3.19,3.59,1.29,3.49,3.49,3.69,3.49,5.69,1.49,1.39,9.9,3.99,5.49,2.49,4.79,4.79,2.99,3.79,3.99,2.79,2.79,4.99,4.99,4.59,4.59,5.49,2.39,4.75,7.99,3.39,3.39,3.39,3.39,3.39,3.79,5.49,3.39,3.39,3.39,3.39,3.39
2.99,1.29,2.19,4.69,1.69,2.69,2.99,3.99,1.99,11.99,2.39,3.29,2.69,3.29,1.99,1.49,2.69,2.69,2.69,2.79,3.29,4.99,1.19,3.29,4.19,4.5,1.29,2.19,2.79,1.65,1.39,2.59,1.79,1.49,1.59,1.59,1.59,4.99,5.49,5.49,5.49,1.79,1.29,1.29,0.89,2.59,4.69,3.29,7.99,4.59,4.59,7.99,2.49,2.49,2.15,1.25,0.75,1.29,2.99,1.99,2.99,2.49,2.49,2.99,2.99,2.29,2.79,2.79,2.79,1.99,1.99,2.49,1.29,1.19,1.89,2.99,3.35,5.19,5.19,3.09,3.09,2.25,1.95,1.69,2.95,2.29,4.49,2.99,2.99,3.19,2.69,2.69,2.69,2.69,1.55,2.95,2.95,2.95,1.59,0.56,0.84,1.79,1.45,1.45,1.45,1.55,3.19,4.85,4.85,1.75,2.15,3.99,2.59,2.59,3.39,3.99,4.99,1.39,3.99,2.59,2.49,2.49,1.29,2.69,2.09,2.19,1.29,2.99,3.19,1.29,3.29,3.19,3.99,1.19,1.55,1.99,9.99,5.99,1.39,1.89,1.39,0.87,2.69,4.69,2.89,3.79,1.29,3.19,3.59,1.29,3.49,3.49,3.69,3.49,5.69,1.49,1.39,9.9,3.99,5.49,2.49,4.79,4.79,2.99,3.79,3.99,2.79,2.79,4.99,4.99,4.59,4.59,5.49,2.39,4.75,7.99,3.39,3.39,3.39,3.39,3.39,3.79,5.49,3.39,3.39,3.39,3.39,3.39
2.99,1.29,2.19,4.69,1.69,2.69,2.99,3.99,1.99,11.99,2.39,3.29,2.69,3.29,1.99,1.49,2.69,2.69,2.69,2.79,3.29,4.99,1.19,3.29,4.19,4.5,1.29,2.19,2.79,1.65,1.39,2.59,1.79,1.49,1.59,1.59,1.59,4.99,5.49,5.49,5.49,1.79,1.29,1.29,0.89,2.59,4.69,3.29,7.99,4.59,4.59,7.99,2.49,2.49,2.15,1.25,0.75,1.29,1.99,1.99,1.99,2.49,2.49,2.99,2.99,2.29,2.79,2.79,2.79,1.99,1.99,2.49,1.29,1.19,1.89,2.99,3.35,5.19,5.19,3.09,3.09,2.25,1.95,1.69,2.95,2.29,4.49,2.99,2.99,3.19,2.69,2.69,2.69,2.69,1.55,2.95,2.95,2.95,1.59,0.56,0.84,1.79,1.45,1.45,1.45,1.55,3.19,4.85,4.85,1.75,2.15,3.99,2.59,2.59,3.39,3.99,4.99,1.39,3.99,2.59,2.49,2.49,1.29,2.69,2.09,2.19,1.29,2.99,3.19,1.29,3.49,3.19,3.99,1.19,1.55,1.99,9.99,5.99,1.39,1.89,1.39,0.87,2.69,4.69,2.89,3.79,1.29,3.19,3.59,1.29,3.49,3.49,3.69,3.49,5.69,1.49,1.39,9.9,3.99,5.49,2.49,4.79,4.79,2.99,3.79,3.99,2.79,2.79,4.99,4.99,4.59,4.59,5.49,2.39,4.75,7.99,3.39,3.39,3.39,3.39,3.39,3.79,5.49,3.39,3.39,3.39,3.39,3.39
2.99,1.29,2.19,4.69,1.69,2.69,2.99,3.99,1.99,11.99,2.39,3.29,2.69,3.29,1.99,1.49,2.69,2.69,2.69,2.79,3.29,4.99,1.19,3.29,4.19,4.5,1.29,2.19,2.79,1.65,1.39,2.59,1.79,1.49,1.59,1.59,1.59,4.99,5.49,5.49,5.49,1.79,1.29,1.29,0.89,2.59,4.69,3.29,7.99,4.59,4.59,7.99,2.49,2.49,2.15,1.25,0.75,1.29,1.99,1.99,1.99,2.49,2.49,2.99,2.99,2.29,2.79,2.79,2.79,1.99,1.99,2.49,1.29,1.19,1.89,2.99,3.35,5.19,5.19,3.09,3.09,2.25,1.95,1.69,2.95,2.29,4.49,2.99,2.99,3.19,2.69,2.69,2.69,2.69,1.55,2.95,2.95,2.95,1.59,0.56,0.84,1.79,1.45,1.45,1.45,1.55,3.19,4.85,4.85,1.75,2.15,3.99,2.59,2.59,3.39,3.99,4.99,1.39,3.99,2.59,2.49,2.49,1.29,2.69,2.09,2.19,1.29,2.99,3.19,1.29,3.49,3.19,3.99,1.19,1.55,1.99,9.99,5.99,1.39,1.89,1.39,0.87,2.69,4.69,2.89,3.79,1.29,3.19,3.59,1.29,3.49,3.49,3.69,3.49,5.69,1.49,1.39,9.9,3.99,5.49,2.49,4.79,4.79,2.99,3.79,3.99,2.79,2.79,4.99,4.99,4.59,4.59,5.49,2.39,4.75,7.99,3.39,3.39,3.39,3.39,3.39,3.79,5.49,3.39,3.39,3.39,3.39,3.39
2.99,1.29,2.19,4.69,1.69,2.69,2.99,3.99,1.99,11.99,2.39,3.29,2.69,3.29,1.99,1.49,2.69,2.69,2.69,2.79,3.29,4.99,1.19,3.29,4.19,4.5,1.29,2.19,2.79,1.65,1.39,2.59,1.79,1.49,1.59,1.59,1.59,4.99,5.49,5.49,5.49,1.79,1.29,1.29,0.89,2.59,4.69,3.29,7.99,4.59,4.59,7.99,2.49,2.49,2.15,1.25,0.75,1.29,1.99,1.99,1.99,2.49,2.49,2.99,2.99,2.29,2.79,2.79,2.79,1.99,1.99,2.49,1.29,1.19,1.89,2.99,3.35,5.19,5.19,3.09,3.09,2.25,1.95,1.69,2.95,2.29,4.49,2.99,2.99,3.19,2.69,2.69,2.69,2.69,1.55,2.95,2.95,2.95,1.59,0.56,0.84,1.79,1.45,1.45,1.45,1.55,3.19,4.85,4.85,1.75,2.15,3.99,2.59,2.59,3.39,3.99,4.99,1.39,3.99,2.59,2.49,2.49,1.29,2.69,2.09,2.19,1.29,2.99,3.19,1.29,3.49,3.19,3.99,1.19,1.55,1.99,9.99,6.39,1.39,1.89,1.39,0.87,2.69,4.69,2.89,3.79,1.29,3.19,3.59,1.29,3.49,3.49,3.69,3.49,5.69,1.49,1.39,9.9,3.99,5.49,2.49,4.79,4.79,2.99,3.79,3.99,2.79,2.79,4.99,4.99,4.59,4.59,5.49,2.39,4.75,7.99,3.39,3.39,3.39,3.39,3.39,3.79,5.49,3.39,3.39,3.39,3.39,3.39
2.99,1.29,2.19,4.69,1.69,2.69,2.99,3.99,1.99,11.99,2.39,3.29,2.69,3.29,1.99,1.49,2.69,2.69,2.69,2.79,3.29,4.99,1.19,3.29,4.19,4.5,1.29,2.19,2.79,1.65,1.39,2.59,1.79,1.49,1.59,1.59,1.59,4.99,5.49,5.49,5.49,1.79,1.29,1.29,0.89,2.59,4.69,3.29,7.99,4.59,4.59,7.99,2.49,2.49,2.15,1.25,0.75,1.29,1.99,1.99,1.99,2.49,2.49,2.99,2.99,2.29,2.79,2.79,2.79,1.99,1.99,2.49,1.29,1.19,1.89,2.99,3.35,5.19,5.19,3.09,3.09,2.25,1.95,1.69,2.95,2.29,4.49,2.99,2.99,3.19,2.69,2.69,2.69,2.69,1.55,2.95,2.95,2.95,1.59,0.56,0.84,1.79,1.45,1.45,1.45,1.55,3.19,4.85,4.85,1.75,2.15,3.99,2.59,2.59,3.39,3.99,4.99,1.39,3.99,2.59,2.49,2.49,1.29,2.69,2.09,2.19,1.29,2.99,3.19,1.29,3.49,3.19,3.99,1.19,1.55,1.99,9.99,6.39,1.39,1.89,1.39,0.87,2.69,4.69,2.89,3.79,1.29,3.19,3.59,1.29,3.49,3.49,3.69,3.49,5.69,1.49,1.39,9.9,3.99,5.49,2.49,4.79,4.79,2.99,3.79,3.99,2.79,2.79,4.99,4.99,4.59,4.59,5.49,2.39,4.75,7.99,3.39,3.39,3.39,3.39,3.39,3.79,5.49,3.39,3.39,3.39,3.39,3.39
2.99,1.29,2.19,4.69,1.69,2.69,2.99,3.99,1.99,11.99,2.39,3.29,2.69,3.29,1.99,1.49,2.69,2.69,2.69,2.79,3.29,4.99,1.19,3.29,4.19,4.5,1.29,2.19,2.79,1.65,1.39,2.59,1.79,1.49,1.59,1.59,1.59,4.99,5.49,5.49,5.49,1.79,1.29,1.29,0.89,2.59,4.69,3.29,7.99,4.59,4.59,7.99,2.49,2.49,2.15,1.25,0.75,1.29,1.99,1.99,1.99,2.49,2.49,2.99,2.99,2.29,2.79,2.79,2.79,1.99,1.99,2.49,1.29,1.19,1.89,2.99,3.35,5.19,5.19,3.09,3.09,2.25,1.95,1.69,2.95,2.29,4.49,2.99,2.99,3.19,2.69,2.69,2.69,2.69,1.55,2.95,2.95,2.95,1.59,0.56,0.84,1.79,1.45,1.45,1.45,1.55,3.19,4.85,4.85,1.75,2.15,3.99,2.59,2.59,3.39,3.99,4.99,1.39,3.99,2.59,2.49,2.49,1.29,2.69,2.09,2.19,1.29,2.99,3.19,1.29,3.49,3.19,3.99,1.19,1.55,1.99,9.99,6.39,1.39,1.89,1.39,0.87,2.69,4.69,2.89,3.79,1.29,3.19,3.59,1.29,3.49,3.49,3.69,3.49,5.69,1.49,1.39,9.9,3.99,5.49,2.49,4.79,4.79,2.99,3.79,3.99,2.79,2.79,4.99,4.99,4.59,4.59,5.49,2.39,4.75,7.99,3.39,3.39,3.39,3.39,3.39,3.79,5.49,3.39,3.39,3.39,3.39,3.39
2.99,1.29,2.19,4.69,1.69,2.69,2.99,3.99,1.99,11.99,2.39,3.29,2.69,3.29,1.99,1.49,2.69,2.69,2.69,2.79,3.29,4.99,1.19,3.29,4.19,4.5,1.29,2.19,2.79,1.65,1.39,2.59,1.79,1.49,1.59,1.59,1.59,4.99,5.49,5.49,5.49,1.79,1.29,1.29,0.89,2.59,4.69,3.29,7.99,4.59,4.59,7.99,2.49,2.49,2.15,1.25,0.75,1.29,2.99,1.99,2.99,2.49,2.49,2.99,2.99,2.29,2.79,2.79,2.79,1.99,1.99,2.49,1.29,1.19,1.89,2.99,3.35,5.19,5.19,3.09,3.09,2.25,1.95,1.69,2.95,2.29,4.49,2.99,2.99,3.19,2.69,2.69,2.69,2.69,1.55,2.95,2.95,2.95,1.59,0.73,0.84,1.79,1.45,1.45,1.45,1.55,3.19,4.85,4.85,1.75,2.15,3.99,2.59,2.59,3.39,3.99,4.99,1.39,3.99,2.59,2.49,2.49,1.29,2.69,2.09,2.19,1.29,2.99,3.19,1.29,3.49,3.19,3.99,1.19,1.55,1.99,9.99,6.39,1.39,1.89,1.39,0.87,2.69,4.69,2.89,3.79,1.29,3.19,3.59,1.29,3.49,3.49,3.69,3.49,5.69,1.49,1.39,9.9,3.99,5.49,2.49,4.79,4.79,2.99,3.79,3.99,2.79,2.79,4.99,4.99,4.59,4.59,5.49,2.39,4.75,7.99,3.39,3.39,3.39,3.39,3.39,3.79,5.49,3.39,3.39,3.39,3.39,3.39
2.99,1.29,2.19,4.69,1.69,2.69,2.99,3.99,1.99,11.99,2.39,3.29,2.69,3.29,1.99,1.49,2.69,2.69,2.69,2.79,3.29,4.99,1.19,3.29,4.19,4.5,1.29,2.19,2.79,1.65,1.39,2.59,1.79,1.49,1.59,1.59,1.59,4.99,5.49,5.49,5.49,1.79,1.29,1.29,0.89,2.59,4.69,3.29,7.99,4.59,4.59,7.99,2.49,2.49,2.15,1.25,0.75,1.29,2.99,1.99,2.99,2.49,2.49,2.99,2.99,2.29,2.79,2.79,2.79,1.99,1.99,2.49,1.29,1.19,1.89,2.99,3.35,5.19,5.19,3.09,3.09,2.25,1.95,1.69,2.95,2.29,4.49,2.99,2.99,3.19,2.69,2.69,2.69,2.69,1.55,2.95,2.95,2.95,1.59,0.73,0.84,1.79,1.45,1.45,1.45,1.55,3.19,4.85,4.85,1.75,2.15,3.99,2.59,2.59,3.39,3.99,4.99,1.39,3.99,2.59,2.49,2.49,1.29,2.69,2.09,2.19,1.29,2.99,3.19,1.29,3.49,3.19,3.99,1.19,1.55,1.99,9.99,6.39,1.39,1.89,1.39,0.87,2.69,4.69,2.89,3.79,1.29,3.19,3.59,1.29,3.49,3.49,3.69,3.49,5.69,1.49,1.39,9.9,3.99,5.49,2.49,4.79,4.79,2.99,3.79,3.99,2.79,2.79,4.99,4.99,4.59,4.59,5.49,2.39,4.75,7.99,3.39,3.39,3.39,3.39,3.39,3.79,5.49,3.39,3.39,3.39,3.39,3.39
2.99,1.29,2.19,4.69,1.69,2.69,2.99,3.99,1.99,11.99,2.39,3.29,2.69,3.29,1.99,1.49,2.69,2.69,2.69,2.79,3.29,4.99,1.19,3.29,4.19,4.5,1.29,2.19,2.79,1.65,1.39,2.59,1.79,1.49,1.59,1.59,1.59,4.99,5.49,5.49,5.49,1.79,1.29,1.29,0.89,2.59,4.69,3.29,7.99,4.59,4.59,7.99,2.49,2.49,2.15,1.25,0.75,1.29,2.99,1.99,2.99,2.49,2.49,2.99,2.99,2.29,2.79,2.79,2.79,1.99,1.99,2.49,1.29,1.19,1.89,2.99,3.35,5.19,5.19,3.09,3.09,2.25,1.95,1.69,2.95,2.29,4.49,2.99,2.99,3.19,2.69,2.69,2.69,2.69,1.55,2.95,2.95,2.95,1.59,0.73,0.84,1.79,1.45,1.45,1.45,1.55,3.19,4.85,4.85,1.75,2.15,3.99,2.59,2.59,3.39,3.99,4.99,1.39,3.99,2.59,2.49,2.49,1.29,2.69,2.09,2.19,1.29,2.99,3.19,1.29,3.49,3.19,3.99,1.19,1.55,1.99,9.99,6.39,1.39,1.89,1.39,0.87,2.69,4.69,2.89,3.79,1.29,3.19,3.59,1.29,3.49,3.49,3.69,3.49,5.69,1.39,1.39,9.9,3.99,5.49,2.49,4.79,4.79,2.99,3.79,3.99,2.79,2.79,4.99,4.99,4.59,4.59,5.49,2.39,4.75,7.99,3.39,3.39,3.39,3.39,3.39,3.79,5.49,3.39,3.39,3.39,3.39,3.39
2.99,1.29,2.19,4.69,1.69,2.69,2.99,4.49,1.99,11.99,2.39,3.29,2.69,3.29,1.99,1.49,2.69,2.69,2.69,2.79,3.29,4.99,1.19,3.29,4.19,4.5,1.29,2.19,2.79,1.65,1.39,2.59,1.79,1.49,1.59,1.59,1.59,4.99,5.49,5.49,5.49,1.79,1.29,1.29,0.89,2.59,4.69,3.29,7.99,4.59,4.59,7.99,2.49,2.49,2.15,1.25,0.75,1.29,2.99,1.99,2.99,2.49,2.49,2.99,2.99,2.29,2.79,2.79,2.79,1.99,1.99,2.49,1.29,1.19,1.89,2.99,3.35,5.19,5.19,3.09,3.09,2.25,1.95,1.69,2.95,2.29,4.49,2.99,2.99,3.19,2.69,2.69,2.69,2.69,1.55,2.95,2.95,2.95,1.59,0.73,0.84,1.79,1.45,1.45,1.45,1.55,3.19,4.85,4.85,1.75,2.15,3.99,2.59,2.59,3.39,3.99,4.99,1.39,3.99,2.59,2.49,2.49,1.29,2.69,2.13,2.19,1.29,2.99,3.19,1.29,3.49,3.19,3.99,1.19,1.55,1.99,9.99,6.39,1.39,1.89,1.39,0.87,2.69,4.69,2.89,3.79,1.29,3.19,3.59,1.29,3.49,3.49,3.69,3.49,5.69,1.39,1.39,9.9,3.99,5.49,2.49,4.79,4.79,2.99,3.79,3.99,2.79,2.79,4.99,4.99,4.59,4.59,5.49,2.39,4.75,7.99,3.39,3.39,3.39,3.39,3.39,3.79,5.49,3.39,3.39,3.39,3.39,3.39
2.99,1.29,2.19,4.69,1.69,2.69,2.99,4.49,1.99,11.99,2.39,3.29,2.69,3.29,1.99,1.49,2.69,2.69,2.69,2.79,3.29,4.99,1.19,3.29,4.19,4.5,1.29,2.19,2.79,1.65,1.39,2.59,1.79,1.49,1.59,1.59,1.59,4.99,5.49,5.49,5.49,1.79,1.29,1.29,0.89,2.59,4.69,3.29,7.99,4.59,4.59,7.99,2.49,2.49,2.15,1.25,0.75,1.29,2.99,1.39,2.99,1.99,1.99,2.99,2.99,2.29,2.79,2.79,2.79,1.99,1.99,2.49,0.99,1.19,1.89,2.99,3.35,5.19,5.19,3.09,3.09,2.25,1.95,1.69,2.95,2.29,4.49,2.99,2.99,3.19,2.69,2.69,2.69,2.69,1.55,2.95,2.95,2.95,1.59,0.73,0.84,1.79,1.45,1.45,1.45,1.55,3.19,4.85,4.85,1.75,2.15,3.99,2.59,2.59,3.39,3.99,4.99,1.39,3.99,2.59,2.49,2.49,1.29,2.69,2.13,2.19,1.29,2.99,3.19,1.29,3.49,3.19,3.99,1.19,1.55,1.99,9.99,6.39,1.39,1.89,1.39,0.87,2.69,4.69,2.89,3.79,1.29,3.19,3.59,1.29,3.49,3.49,3.69,3.49,5.69,1.39,1.39,9.9,3.99,5.49,2.49,4.79,4.79,2.99,3.79,3.99,2.79,2.79,4.99,4.99,4.59,4.59,5.49,2.39,4.75,7.99,3.39,3.39,3.39,3.39,3.39,3.79,5.49,3.39,3.39,3.39,3.39,3.39
2.99,1.29,2.19,4.69,1.69,2.69,2.99,4.49,1.99,11.99,2.39,3.29,2.69,3.29,1.99,1.49,2.69,2.69,2.69,2.79,3.29,4.99,1.19,3.29,4.19,4.5,1.29,2.19,2.79,1.65,1.39,2.59,1.79,1.49,1.59,1.59,1.59,4.99,5.49,5.49,5.49,1.79,1.29,1.29,0.89,2.59,4.69,3.29,7.99,4.59,4.59,7.99,2.49,2.49,2.15,1.25,0.75,1.29,2.99,1.39,2.99,1.99,1.99,2.99,2.99,2.29,2.79,2.79,2.79,1.99,1.99,2.49,0.99,1.19,1.89,2.99,3.35,5.19,5.19,3.09,3.09,2.25,1.95,1.69,2.95,2.29,4.49,2.99,2.99,3.19,2.69,2.69,2.69,2.69,1.55,2.95,2.95,2.95,1.59,0.73,0.84,1.79,1.45,1.45,1.45,1.55,3.19,4.85,4.85,1.75,2.15,3.99,2.59,2.59,3.39,3.99,4.99,1.39,3.99,2.59,2.49,2.49,1.29,2.69,2.13,2.19,1.29,2.99,3.19,1.29,3.49,3.19,3.99,1.19,1.55,1.99,9.99,6.39,1.39,1.89,1.39,0.87,2.69,4.69,2.89,3.79,1.29,3.19,3.59,1.29,3.49,3.49,3.69,3.49,5.69,1.39,1.39,9.9,3.99,5.49,2.49,4.79,4.79,2.99,3.79,3.99,2.79,2.79,4.99,4.99,4.59,4.59,5.49,2.39,4.75,7.99,3.39,3.39,3.39,3.39,3.39,3.79,5.49,3.39,3.39,3.39,3.39,3.39
2.99,1.29,2.19,4.69,1.69,2.69,2.99,4.49,1.99,11.99,2.39,3.29,2.69,3.29,1.99,1.49,2.69,2.69,2.69,2.79,3.29,4.99,1.19,3.29,4.19,4.5,1.29,2.19,2.79,1.65,1.39,2.59,1.79,1.49,1.59,1.59,1.59,4.99,5.49,5.49,5.49,1.79,1.29,1.29,0.89,2.59,4.69,3.29,7.99,4.59,4.59,7.99,2.49,2.49,2.15,1.25,0.75,1.29,2.99,1.39,2.99,1.99,1.99,2.99,2.99,2.29,2.79,2.79,2.79,1.99,1.99,2.49,0.99,1.19,1.89,2.99,3.35,5.19,5.19,3.09,3.09,2.25,1.95,1.69,2.95,2.29,4.49,2.99,2.99,3.19,2.69,2.69,2.69,2.69,1.55,2.95,2.95,2.95,1.59,0.73,0.84,1.79,1.45,1.45,1.45,1.55,3.19,4.85,4.85,1.75,2.15,3.99,2.59,2.59,3.39,3.99,4.99,1.39,3.99,2.59,2.49,2.49,1.29,2.69,2.13,2.19,1.29,2.99,3.19,1.29,3.49,3.19,3.99,1.19,1.55,1.99,9.99,6.39,1.39,1.89,1.39,0.87,2.69,4.69,2.89,3.79,1.29,3.19,3.59,1.29,3.49,3.49,3.69,3.49,5.69,1.39,1.39,9.9,3.99,5.49,2.49,4.79,4.79,2.99,3.79,3.99,2.79,2.79,4.99,4.99,4.59,4.59,5.49,2.39,4.75,7.99,3.39,3.39,3.39,3.39,3.39,3.79,5.49,3.39,3.39,3.39,3.39,3.39
2.99,1.29,2.19,4.69,1.69,2.69,2.99,4.49,1.99,11.99,2.39,3.29,2.69,3.29,1.99,1.49,2.69,2.69,2.69,2.79,3.29,4.99,1.19,3.29,4.19,4.5,1.29,2.19,2.79,1.65,1.39,2.59,1.79,1.49,1.59,1.59,1.59,4.99,5.49,5.49,5.49,1.79,1.29,1.29,0.89,2.59,4.69,3.29,7.99,4.59,4.59,7.99,2.49,2.49,2.15,1.25,0.75,1.29,2.99,1.39,2.99,1.99,1.99,2.99,2.99,2.29,2.79,2.79,2.79,1.99,1.99,2.49,0.99,1.19,1.89,2.99,3.35,5.19,5.19,3.09,3.09,2.25,1.95,1.69,2.95,2.29,4.49,2.99,2.99,3.19,2.69,2.69,2.69,2.69,1.55,2.95,2.95,2.95,1.59,0.73,0.84,1.79,1.45,1.45,1.45,1.55,3.19,4.85,4.85,1.75,2.15,3.99,2.59,2.59,3.39,3.99,4.99,1.39,3.99,2.59,2.49,2.49,1.29,2.69,2.13,2.19,1.29,2.99,3.19,1.29,3.49,3.19,3.99,1.19,1.55,1.99,9.99,6.39,1.39,1.89,1.39,0.87,2.69,4.69,2.89,3.79,1.29,3.19,3.59,1.29,3.49,3.49,3.69,3.49,5.69,1.39,1.39,9.9,3.99,5.49,2.49,4.79,4.79,2.99,3.79,3.99,2.79,2.79,4.99,4.99,4.59,4.59,5.49,2.39,4.75,7.99,3.39,3.39,3.39,3.39,3.39,3.79,5.49,3.39,3.39,3.39,3.39,3.39
2.99,1.29,2.19,4.69,1.69,2.69,2.99,4.49,1.99,11.99,2.39,3.29,2.69,3.29,1.99,1.49,2.69,2.69,2.69,2.79,3.29,4.99,1.19,3.29,4.19,4.5,1.29,2.19,2.79,1.65,1.39,2.59,1.79,1.49,1.59,1.59,1.59,4.99,5.49,5.49,5.49,1.79,1.29,1.29,0.89,2.59,4.69,3.29,7.99,4.59,4.59,7.99,2.49,2.49,2.15,1.25,0.75,1.29,2.99,1.39,2.99,1.99,1.99,2.99,2.99,2.29,2.79,2.79,2.79,1.99,1.99,2.49,0.99,1.19,1.89,2.99,3.35,5.19,5.19,3.09,3.09,2.25,1.95,1.69,2.95,2.29,4.49,2.99,2.99,3.19,2.69,2.69,2.69,2.69,1.55,2.95,2.95,2.95,1.59,0.73,0.84,1.79,1.45,1.45,1.45,1.55,3.19,4.85,4.85,1.75,2.15,3.99,2.59,2.59,3.39,3.99,4.99,1.39,3.99,2.59,2.49,2.49,1.29,2.69,2.13,2.19,1.29,2.99,3.19,1.29,3.49,3.19,3.99,1.19,1.55,1.99,9.99,6.39,1.39,1.89,1.39,0.87,2.69,4.69,2.89,3.79,1.29,3.19,3.59,1.29,3.49,3.49,3.69,3.49,5.69,1.39,1.39,9.9,3.99,5.49,2.49,4.79,4.79,2.99,3.79,3.99,2.79,2.79,4.99,4.99,4.59,4.59,5.49,2.39,4.75,7.99,3.39,3.39,3.39,3.39,3.39,3.79,5.49,3.39,3.39,3.39,3.39,3.39
2.99,1.29,2.19,4.69,1.69,2.69,2.99,4.49,1.99,11.99,2.39,3.29,2.69,3.29,1.99,1.49,2.69,2.69,2.69,2.79,3.29,4.99,1.19,3.29,4.19,4.5,1.29,2.19,2.79,1.65,1.39,2.59,1.79,1.49,1.59,1.59,1.59,4.99,5.49,5.49,5.49,1.79,1.29,1.29,0.89,2.59,4.69,3.29,7.99,4.59,4.59,7.99,2.49,2.49,2.15,1.25,0.75,1.29,2.99,1.99,2.99,2.49,2.49,2.99,2.99,2.29,2.79,2.79,2.79,1.29,1.29,2.49,1.29,1.19,1.89,2.99,3.35,5.19,5.19,3.09,3.09,2.25,1.95,1.69,2.95,2.29,4.49,2.99,2.99,3.19,2.69,2.69,2.69,2.69,1.55,2.95,2.95,2.95,1.59,0.73,0.84,1.79,1.45,1.45,1.45,1.55,3.19,4.85,4.85,1.75,2.15,3.99,2.59,2.59,3.39,3.99,4.99,1.39,3.99,2.59,2.49,2.49,1.29,2.69,2.13,2.19,1.29,2.99,3.19,1.29,3.49,3.19,3.99,1.19,1.55,1.99,9.99,6.39,1.39,1.89,1.39,0.87,2.69,4.69,2.89,3.79,1.29,3.19,3.59,1.29,3.49,3.49,3.69,3.49,5.69,1.39,1.39,9.9,3.99,5.49,2.49,4.79,4.79,2.99,3.79,3.99,2.79,2.79,4.99,4.99,4.59,4.59,5.49,2.39,4.75,7.99,3.39,3.39,3.39,3.39,3.39,3.79,5.49,3.39,3.39,3.39,3.39,3.39
2.99,1.29,2.19,4.69,1.69,2.69,2.99,4.49,1.99,11.99,2.39,3.29,2.69,3.29,1.99,1.49,2.69,2.69,2.69,2.79,3.29,4.99,1.19,3.29,4.19,4.5,1.29,2.19,2.79,1.65,1.39,2.59,1.79,1.49,1.59,1.59,1.59,4.99,5.49,5.49,5.49,1.79,1.29,1.29,0.89,2.59,4.69,3.29,7.99,4.59,4.59,7.99,2.49,2.49,2.15,1.25,0.75,1.29,2.99,1.99,2.99,2.49,2.49,2.99,2.99,2.29,2.79,2.79,2.79,1.29,1.29,2.49,1.29,1.19,1.89,2.99,3.35,5.19,5.19,3.09,3.09,2.25,1.95,1.69,2.95,2.29,4.49,2.99,2.99,3.19,2.69,2.69,2.69,2.69,1.55,2.95,2.95,2.95,1.59,0.73,0.84,1.79,1.45,1.45,1.45,1.55,3.19,4.85,4.85,1.75,2.15,3.99,2.59,2.59,3.39,3.99,4.99,1.39,3.99,2.59,2.49,2.49,1.29,2.69,2.13,2.19,1.29,2.99,3.19,1.29,3.49,3.19,3.99,1.19,1.55,1.99,9.99,6.39,1.39,1.89,1.39,0.87,2.69,4.69,2.89,3.79,1.29,3.19,3.59,1.29,3.49,3.49,3.69,3.49,5.69,1.39,1.39,9.9,3.99,5.49,2.49,4.79,4.79,2.99,3.79,3.99,2.79,2.79,4.99,4.99,4.59,4.59,5.49,2.39,4.75,7.99,3.39,3.39,3.39,3.39,3.39,3.79,5.49,3.39,3.39,3.39,3.39,3.39
2.99,1.29,2.19,4.69,1.69,2.69,2.99,4.49,1.99,11.99,2.39,3.29,2.69,3.29,1.99,1.49,2.69,2.69,2.69,2.79,3.29,4.99,1.19,3.29,4.19,4.5,1.29,2.19,2.79,1.65,1.39,2.59,1.79,1.49,1.59,1.59,1.59,4.99,5.49,5.49,5.49,1.79,1.29,1.29,0.89,2.59,4.69,3.29,7.99,4.59,4.59,7.99,2.49,2.49,2.15,1.25,0.75,1.29,2.99,1.99,2.99,2.49,2.49,2.99,2.99,2.29,2.79,2.79,2.79,1.29,1.29,2.49,1.29,1.19,1.89,2.99,3.35,5.19,5.19,3.09,3.09,2.25,1.95,1.69,2.95,2.29,4.49,2.99,2.99,3.19,2.69,2.69,2.69,2.69,1.55,2.95,2.95,2.95,1.59,0.73,0.84,1.79,1.45,1.45,1.45,1.55,3.19,4.85,4.85,1.75,2.15,3.99,2.59,2.59,3.39,3.99,4.99,1.39,3.99,2.59,2.49,2.49,1.29,2.69,2.13,2.19,1.29,2.99,3.19,1.29,3.49,3.19,3.99,1.19,1.55,1.99,9.99,6.39,1.39,1.89,1.39,0.87,2.69,4.69,2.89,3.79,1.29,3.19,3.59,1.29,3.49,3.49,3.69,3.49,5.69,1.39,1.39,9.9,3.99,5.49,2.49,4.79,4.79,2.99,3.79,3.99,2.79,2.79,4.99,4.99,4.59,4.59,5.49,2.39,4.75,7.99,3.39,3.39,3.39,3.39,3.39,3.79,5.49,3.39,3.39,3.39,3.39,3.39
2.99,1.29,2.19,4.69,1.69,2.69,2.99,4.49,1.99,11.99,2.39,3.29,2.69,3.29,1.99,1.49,2.69,2.69,2.69,2.79,3.29,4.99,1.19,3.29,4.19,4.5,1.29,2.19,2.79,1.65,1.39,2.59,1.79,1.49,1.59,1.59,1.59,4.99,5.49,5.49,5.49,1.79,1.29,1.29,0.89,2.59,4.69,3.29,7.99,4.59,4.59,7.99,2.49,2.49,2.15,1.25,0.75,1.29,2.99,1.99,2.99,2.49,2.49,2.99,2.99,2.29,2.79,2.79,2.79,1.29,1.29,2.49,1.29,1.19,1.89,2.99,3.35,5.19,5.19,3.09,3.09,2.25,1.95,1.69,2.95,2.29,4.49,2.99,2.99,3.19,2.69,2.69,2.69,2.69,1.55,2.95,2.95,2.95,1.59,0.73,0.84,1.79,1.45,1.45,1.45,1.55,3.19,4.85,4.85,1.75,2.15,3.99,2.59,2.59,3.39,3.99,4.99,1.39,3.99,2.59,2.49,2.49,1.29,2.69,2.13,2.19,1.29,2.99,3.19,1.29,3.49,3.19,3.99,1.19,1.55,1.99,9.99,6.39,1.39,1.89,1.39,0.87,2.69,4.69,2.89,3.79,1.29,3.19,3.59,1.29,3.49,3.49,3.69,3.49,5.69,1.39,1.39,9.9,3.99,5.49,2.49,4.79,4.79,2.99,3.79,3.99,2.79,2.79,4.99,4.99,4.59,4.59,5.49,2.39,4.75,7.99,3.39,3.39,3.39,3.39,3.39,3.79,5.49,3.39,3.39,3.39,3.39,3.39
2.99,1.29,2.19,4.69,1.69,2.69,2.99,4.49,1.99,11.99,2.39,3.29,2.69,3.29,1.99,1.49,2.69,2.69,2.69,2.79,3.29,4.99,1.19,3.29,4.19,4.5,1.29,2.19,2.79,1.65,1.39,2.59,1.79,1.49,1.59,1.59,1.59,4.99,5.49,5.49,5.49,1.79,1.29,1.29,0.89,2.59,4.69,3.29,7.99,4.59,4.59,7.99,2.49,2.49,2.15,1.25,0.75,1.29,2.99,1.99,2.99,2.49,2.49,2.99,2.99,2.29,2.79,2.79,2.79,1.99,1.99,2.49,1.29,1.19,1.89,2.99,3.35,5.19,5.19,3.09,3.09,2.25,1.95,1.69,2.95,2.29,4.49,2.99,2.99,3.19,2.69,2.69,2.69,2.69,1.55,2.95,2.95,2.95,1.59,0.73,0.84,1.79,1.45,1.45,1.45,1.55,3.19,4.85,4.85,1.75,2.15,3.99,2.59,2.59,3.39,3.99,4.99,1.39,3.99,2.59,2.49,2.49,1.29,2.69,2.13,2.19,1.29,2.99,3.19,1.29,3.49,3.19,3.99,1.19,1.55,1.99,9.99,6.39,1.39,1.89,1.39,0.87,2.69,4.69,2.89,3.79,1.29,3.19,3.59,1.29,3.49,3.49,3.69,3.49,5.69,1.39,1.39,9.9,3.99,5.49,2.49,4.79,4.79,2.99,3.79,3.99,2.79,2.79,4.99,4.99,4.59,4.59,5.49,2.39,4.75,7.99,3.39,3.39,3.39,3.39,3.39,3.79,5.49,3.39,3.39,3.39,3.39,3.39
2.99,1.29,2.19,4.69,1.69,2.69,2.99,4.49,1.99,11.99,2.39,3.29,2.69,3.29,1.99,1.49,2.69,2.69,2.69,2.79,3.29,4.99,1.19,3.29,4.19,4.5,1.29,2.19,2.79,1.65,1.39,2.59,1.79,1.49,1.59,1.59,1.59,4.99,5.49,5.49,5.49,1.79,1.29,1.29,0.89,2.59,4.69,3.29,7.99,4.59,4.59,7.99,2.49,2.49,2.15,1.25,0.75,1.29,2.99,1.99,2.99,2.49,2.49,2.99,2.99,2.29,2.79,2.79,2.79,1.99,1.99,2.49,1.29,1.19,1.89,2.99,3.35,5.19,5.19,3.09,3.09,2.25,1.95,1.69,2.95,2.29,4.49,2.99,2.99,3.19,2.69,2.69,2.69,2.69,1.55,2.95,2.95,2.95,1.59,0.73,0.84,1.79,1.45,1.45,1.45,1.55,3.19,4.85,4.85,1.75,2.15,3.99,2.59,2.59,3.39,3.99,4.99,1.39,3.99,2.59,2.49,2.49,1.29,2.69,2.13,2.19,1.29,2.99,3.19,1.29,3.49,3.19,3.99,1.19,1.55,1.99,9.99,6.39,1.39,1.89,1.39,0.87,2.69,4.69,2.89,3.79,1.29,3.19,3.59,1.29,3.49,3.49,3.69,3.49,5.69,1.39,1.39,9.9,3.99,5.49,2.49,4.79,4.79,2.99,3.79,3.99,2.79,2.79,4.99,4.99,4.59,4.59,5.49,2.39,4.75,7.99,3.39,3.39,3.39,3.39,3.39,3.79,5.49,3.39,3.39,3.39,3.39,3.39
2.99,1.29,2.19,4.69,1.69,2.69,2.99,4.49,1.99,11.99,2.39,3.49,2.69,3.29,1.99,1.49,2.69,2.69,2.69,2.79,3.49,4.99,1.19,3.29,4.19,4.5,1.29,2.19,2.79,1.65,1.39,2.59,1.79,1.49,1.59,1.59,1.59,4.99,5.49,5.49,5.49,1.79,1.29,1.29,0.89,2.59,4.69,3.29,7.99,4.59,4.59,7.99,2.49,2.49,2.15,1.25,0.75,1.29,2.99,1.99,2.99,2.49,2.49,2.99,2.99,2.29,2.79,2.79,2.79,1.99,1.99,2.49,1.29,1.19,1.89,2.99,3.35,5.19,5.19,3.09,3.09,2.25,1.95,1.69,2.95,2.29,4.49,2.99,2.99,3.19,2.69,2.69,2.69,2.69,1.55,2.95,2.95,2.95,1.59,0.73,0.84,1.79,1.45,1.45,1.45,1.55,3.19,4.85,4.85,1.75,2.15,3.99,2.59,2.59,3.39,3.99,4.99,1.39,3.99,2.59,2.49,2.49,1.29,2.69,2.13,2.19,1.29,2.99,3.19,1.29,3.49,3.19,3.99,1.19,1.55,1.99,9.99,6.39,1.39,1.89,1.39,0.87,2.69,4.69,2.89,3.79,1.39,3.19,3.59,1.39,3.49,3.49,3.69,3.49,5.69,1.39,1.39,9.9,3.99,5.49,2.49,4.79,4.79,2.99,3.79,3.99,2.79,2.79,4.99,4.99,4.59,4.59,5.49,2.39,4.75,7.99,3.39,3.39,3.39,3.39,3.39,3.79,5.49,3.39,3.39,3.39,3.39,3.39
2.99,1.29,2.19,4.69,1.69,2.69,2.99,4.49,1.99,11.99,2.39,3.49,2.69,3.29,1.99,1.49,2.69,2.69,2.69,2.79,3.49,4.99,1.19,3.29,4.19,4.5,1.29,2.19,2.79,1.65,1.39,2.59,1.79,1.49,1.59,1.59,1.59,4.99,5.49,5.49,5.49,1.79,1.29,1.29,0.89,2.59,4.69,3.29,7.99,4.59,4.59,7.99,2.49,2.49,2.15,1.25,0.75,1.29,2.99,1.99,2.99,2.49,2.49,2.99,2.99,2.29,2.79,2.79,2.79,1.99,1.99,2.49,1.29,1.19,1.89,2.99,3.35,5.19,5.19,3.09,3.09,2.25,1.95,1.69,2.95,2.29,4.49,2.99,2.99,3.19,2.69,2.69,2.69,2.69,1.55,2.95,2.95,2.95,1.59,0.73,0.84,1.79,1.45,1.45,1.45,1.55,3.19,4.85,4.85,1.75,2.15,3.99,2.59,2.59,3.39,3.99,4.99,1.39,3.99,2.59,2.49,2.49,1.29,2.69,2.13,2.19,1.29,2.99,3.19,1.29,3.49,3.19,3.99,1.19,1.55,1.99,9.99,6.39,1.39,1.89,1.39,0.87,2.69,4.69,2.89,3.79,1.39,3.19,3.59,1.39,3.49,3.49,3.69,3.49,5.69,1.39,1.39,9.9,3.99,5.49,2.49,4.79,4.79,2.99,3.79,3.99,2.79,2.79,4.99,4.99,4.59,4.59,5.49,2.39,4.75,7.99,3.39,3.39,3.39,3.39,3.39,3.79,5.49,3.39,3.39,3.39,3.39,3.39
2.99,1.29,2.19,4.69,1.69,2.69,2.99,4.49,1.99,11.99,2.39,3.49,2.69,3.29,1.99,1.49,2.69,2.69,2.69,2.79,3.49,4.99,1.19,3.29,4.19,4.5,1.29,2.19,2.79,1.65,1.39,2.59,1.79,1.49,1.59,1.59,1.59,4.99,5.49,5.49,5.49,1.79,1.29,1.29,0.89,2.59,4.69,3.29,7.99,4.59,4.59,7.99,2.49,2.49,2.15,1.25,0.75,1.29,2.99,1.99,2.99,2.49,2.49,2.99,2.99,2.29,2.79,2.79,2.79,1.99,1.99,2.49,1.29,1.19,1.89,2.99,3.35,5.19,5.19,3.09,3.09,2.25,1.95,1.69,2.95,2.29,4.49,2.99,2.99,3.19,2.69,2.69,2.69,2.69,1.55,2.95,2.95,2.95,1.59,0.73,0.84,1.79,1.45,1.45,1.45,1.55,3.19,4.85,4.85,1.75,2.15,3.99,2.59,2.59,3.39,3.99,4.99,1.39,3.99,2.59,2.49,2.49,1.29,2.69,2.13,2.19,1.29,2.99,3.19,1.29,3.49,3.19,3.99,1.19,1.55,1.99,9.99,6.39,1.39,1.89,1.39,0.87,2.69,4.69,2.89,3.79,1.39,3.19,3.59,1.39,3.49,3.49,3.69,3.49,5.69,1.39,1.39,9.9,3.99,5.49,2.49,4.79,4.79,2.99,3.79,3.99,2.79,2.79,4.99,4.99,4.59,4.59,5.49,2.39,4.75,7.99,3.39,3.39,3.39,3.39,3.39,3.79,5.49,3.39,3.39,3.39,3.39,3.39
2.99,1.29,2.19,4.69,1.69,2.69,2.99,4.49,1.99,11.99,2.39,3.49,2.69,3.29,1.99,1.49,2.69,2.69,2.69,2.79,3.49,4.99,1.19,3.29,4.19,4.5,1.29,2.19,2.79,1.65,1.39,2.59,1.79,1.49,1.59,1.59,1.59,4.99,5.49,5.49,5.49,1.79,1.29,1.29,0.89,2.59,4.69,3.29,7.99,4.59,4.59,7.99,2.49,2.49,2.15,1.25,0.75,1.29,2.99,1.99,2.99,2.49,2.49,2.99,2.99,2.29,2.79,2.79,2.79,1.99,1.99,2.49,1.29,1.19,1.89,2.99,3.35,5.19,5.19,3.09,3.09,2.25,1.95,1.69,2.95,2.29,4.49,2.99,2.99,3.19,2.69,2.69,2.69,2.69,1.55,2.95,2.95,2.95,1.59,0.73,0.84,1.79,1.45,1.45,1.45,1.55,3.19,4.85,4.85,1.75,2.15,3.99,2.59,2.59,3.39,3.99,4.99,1.39,3.99,2.59,2.49,2.49,1.29,2.69,2.13,2.19,1.29,2.99,3.19,1.29,3.49,3.19,3.99,1.19,1.55,1.99,9.99,6.39,1.39,1.89,1.39,0.87,2.69,4.69,2.89,3.79,1.39,3.19,3.59,1.39,3.49,3.49,3.69,3.49,5.69,1.39,1.39,9.9,3.99,5.49,2.49,4.79,4.79,2.99,3.79,3.99,2.79,2.79,4.99,4.99,4.59,4.59,5.49,2.39,4.75,7.99,3.39,3.39,3.39,3.39,3.39,3.79,5.49,3.39,3.39,3.39,3.39,3.39
2.99,1.29,2.19,4.69,1.69,2.69,2.99,4.49,1.99,11.99,2.39,3.49,2.69,3.29,1.99,1.49,2.69,2.69,2.69,2.79,3.49,4.99,1.19,3.29,4.19,4.5,1.29,2.19,2.79,1.65,1.39,2.59,1.79,1.49,1.59,1.59,1.59,4.99,5.49,5.49,5.49,1.79,1.29,1.29,0.89,2.59,4.69,3.29,7.99,4.59,4.59,7.99,2.49,2.49,2.15,1.25,0.75,1.39,2.99,1.99,2.99,2.49,2.49,2.99,2.99,2.29,2.79,2.79,2.79,1.99,1.99,2.49,1.29,0.99,1.89,2.99,3.35,5.19,5.19,3.09,3.09,2.25,1.95,1.69,2.95,2.29,4.49,2.99,2.99,3.19,2.69,2.69,2.69,2.69,1.55,2.95,2.95,2.95,1.59,0.73,0.84,1.79,1.45,1.45,1.45,1.55,3.19,4.85,4.85,1.75,2.15,3.99,2.59,2.59,3.39,3.99,4.99,1.39,3.99,2.59,2.49,2.49,1.29,2.69,2.13,2.19,1.29,2.99,3.19,1.29,3.49,3.19,3.99,1.19,1.55,1.99,9.99,6.39,1.39,1.89,1.39,0.87,2.69,4.69,2.89,3.79,1.39,3.19,3.59,1.39,3.49,3.49,3.69,3.49,5.69,1.39,1.39,9.9,3.99,5.49,2.49,4.79,4.79,2.99,3.79,3.99,2.79,2.79,4.99,4.99,4.59,4.59,5.49,2.39,4.75,7.99,3.39,3.39,3.39,3.39,3.39,3.79,5.49,3.39,3.39,3.39,3.39,3.39
2.99,1.29,2.19,4.69,1.69,2.69,2.99,4.49,1.99,11.99,2.39,3.49,2.69,3.29,1.99,1.49,2.69,2.69,2.69,2.79,3.49,4.99,1.19,3.29,4.19,4.5,1.29,2.19,2.79,1.65,1.39,2.59,1.79,1.49,1.59,1.59,1.59,4.99,5.49,5.49,5.49,1.79,1.29,1.29,0.89,2.59,4.69,3.29,7.99,4.59,4.59,7.99,2.49,2.49,2.15,1.25,0.75,1.39,2.99,1.99,3.19,2.49,2.49,2.99,2.99,2.29,2.79,2.79,2.79,1.99,1.99,2.49,1.29,0.99,1.89,2.99,3.35,5.19,5.19,3.09,3.09,2.25,1.95,1.69,2.95,2.29,4.49,2.99,2.99,3.19,2.69,2.69,2.69,2.69,1.55,2.95,2.95,2.95,1.59,0.73,0.84,1.79,1.45,1.45,1.45,1.55,3.19,4.85,4.85,1.75,2.15,3.99,2.59,2.59,3.39,3.99,4.99,1.39,3.99,2.59,2.49,2.49,1.29,2.69,2.13,2.19,1.29,2.99,3.19,1.29,3.49,3.19,3.99,1.19,1.55,1.99,9.99,6.39,1.39,1.89,1.39,0.87,2.69,4.69,2.89,3.79,1.39,3.19,3.59,1.39,3.49,3.49,3.69,3.49,5.69,1.39,1.39,9.9,3.99,5.49,2.49,4.79,4.79,2.99,3.79,3.99,2.79,2.79,4.99,4.99,4.59,4.59,5.49,2.39,4.75,7.99,3.39,3.39,3.39,3.39,3.39,3.79,5.49,3.39,3.39,3.39,3.39,3.39
2.99,1.29,2.19,4.69,1.69,2.69,2.99,4.49,1.99,11.99,2.39,3.49,2.69,3.29,1.99,1.49,2.69,2.69,2.69,2.79,3.49,4.99,1.19,3.29,4.19,4.5,1.29,2.19,2.79,1.65,1.39,2.59,1.79,1.49,1.59,1.59,1.59,4.99,5.49,5.49,5.49,1.79,1.29,1.29,0.89,2.59,4.69,3.29,7.99,4.59,4.59,7.99,2.49,2.49,2.15,1.25,0.75,1.39,2.99,1.99,3.19,2.49,2.49,2.99,2.99,2.29,1.79,1.79,1.79,1.99,1.99,2.49,1.29,0.99,1.89,2.99,3.35,5.19,5.19,3.09,3.09,2.25,1.95,1.69,2.95,2.29,4.49,2.99,2.99,3.19,2.69,2.69,2.69,2.69,1.55,2.95,2.95,2.95,1.59,0.73,0.84,1.79,1.45,1.45,1.45,1.55,3.19,4.85,4.85,1.75,2.15,3.99,2.59,2.59,3.39,3.99,4.99,1.39,3.99,2.59,2.49,2.49,1.29,2.69,2.13,2.19,1.29,2.99,3.19,1.29,3.49,3.19,3.99,1.19,1.55,1.99,9.99,6.39,1.39,1.89,1.39,0.87,2.69,4.69,2.89,3.79,1.39,3.19,3.59,1.39,3.49,3.49,3.69,3.49,5.69,1.39,1.39,9.9,3.99,5.49,2.49,4.79,4.79,2.99,3.79,3.99,2.79,2.79,4.99,4.99,4.59,4.59,5.49,2.39,4.75,7.99,3.39,3.39,3.39,3.39,3.39,3.79,5.49,3.39,3.39,3.39,3.39,3.39
2.99,1.29,2.19,4.69,1.69,2.69,2.99,4.49,1.99,11.99,2.39,3.49,2.69,3.29,1.99,1.49,2.69,2.69,2.69,2.79,3.49,4.99,1.19,3.29,4.19,4.5,1.29,2.19,2.79,1.65,1.39,2.59,1.79,1.49,1.59,1.59,1.59,4.99,5.49,5.49,5.49,1.79,1.29,1.29,0.89,2.59,4.69,3.29,7.99,4.59,4.59,7.99,2.49,2.49,2.15,1.25,0.75,1.39,2.99,1.99,3.19,2.49,2.49,2.99,2.99,2.29,1.79,1.79,1.79,1.99,1.99,2.49,1.29,0.99,1.89,2.99,3.35,5.19,5.19,3.09,3.09,2.25,1.95,1.69,2.95,2.29,4.49,2.99,2.99,3.19,2.69,2.69,2.69,2.69,1.55,2.95,2.95,2.95,1.59,0.73,0.84,1.79,1.45,1.45,1.45,1.55,3.19,4.85,4.85,1.75,2.15,3.99,2.59,2.59,3.39,3.99,4.99,1.39,3.99,2.59,2.49,2.49,1.29,2.69,2.13,2.19,1.29,2.99,3.19,1.29,3.49,3.19,3.99,1.19,1.55,1.99,9.99,6.39,1.39,1.89,1.39,0.87,2.69,4.69,2.89,3.79,1.39,3.19,3.59,1.39,3.49,3.49,3.69,3.49,5.69,1.39,1.39,9.9,3.99,5.49,2.49,4.79,4.79,2.99,3.79,3.99,2.79,2.79,4.99,4.99,4.59,4.59,5.49,2.39,4.75,7.99,3.39,3.39,3.39,3.39,3.39,3.79,5.49,3.39,3.39,3.39,3.39,3.39
2.99,1.29,2.19,4.69,1.69,2.69,2.99,4.49,1.99,11.99,2.39,3.49,2.69,3.29,1.99,1.49,2.69,2.69,2.69,2.79,3.49,4.99,1.19,3.29,4.19,4.5,1.29,2.19,2.79,1.65,1.39,2.59,1.79,1.49,1.59,1.59,1.59,4.99,5.49,5.49,5.49,1.79,1.29,1.29,0.89,2.59,4.69,3.29,7.99,4.59,4.59,7.99,2.49,2.49,2.15,1.25,0.75,1.39,2.99,1.99,3.19,2.49,2.49,2.99,2.99,2.29,1.79,1.79,1.79,1.99,1.99,2.49,1.29,0.99,1.89,2.99,3.35,5.19,5.19,3.09,3.09,2.25,1.95,1.69,2.95,2.29,4.49,2.99,2.99,3.19,2.69,2.69,2.69,2.69,1.55,2.95,2.95,2.95,1.59,0.73,0.84,1.79,1.45,1.45,1.45,1.55,3.19,4.85,4.85,1.75,2.15,3.99,2.59,2.59,3.39,3.99,4.99,1.39,3.99,2.59,2.49,2.49,1.29,2.69,2.13,2.19,1.29,2.99,3.19,1.29,3.49,3.19,3.99,1.19,1.55,1.99,9.99,6.39,1.39,1.89,1.39,0.87,2.69,4.69,2.89,3.79,1.39,3.19,3.59,1.39,3.49,3.49,3.69,3.49,5.69,1.39,1.39,9.9,3.99,5.49,2.49,4.79,4.79,2.99,3.79,3.99,2.79,2.79,4.99,4.99,4.59,4.59,5.49,2.39,4.75,7.99,3.39,3.39,3.39,3.39,3.39,3.79,5.49,3.39,3.39,3.39,3.39,3.39
2.99,1.29,2.19,4.69,1.69,2.69,2.99,4.49,1.99,11.99,2.39,3.49,2.69,3.29,1.99,1.49,2.69,2.69,2.69,2.79,3.49,4.99,1.19,3.29,4.19,4.5,1.29,2.19,2.79,1.65,1.39,2.59,1.79,1.49,1.59,1.59,1.59,4.99,5.49,5.49,5.49,1.79,1.29,1.29,0.89,2.59,4.69,3.29,7.99,4.59,4.59,7.99,2.49,2.49,2.15,1.25,0.75,1.39,2.99,1.99,3.19,2.49,2.49,2.99,2.99,2.29,1.79,1.79,1.79,1.99,1.99,2.49,1.29,0.99,1.89,2.99,3.35,5.19,5.19,3.09,3.09,2.25,1.95,1.69,2.95,2.29,4.49,2.99,2.99,3.19,2.69,2.69,2.69,2.69,1.55,2.95,2.95,2.95,1.59,0.73,0.84,1.79,1.45,1.45,1.45,1.55,3.19,4.85,4.85,1.75,2.15,3.99,2.59,2.59,3.39,3.99,4.99,1.39,3.99,2.59,2.49,2.49,1.29,2.69,2.13,2.19,1.29,2.99,3.19,1.29,3.49,3.19,3.99,1.19,1.55,1.99,9.99,6.39,1.39,1.89,1.39,0.87,2.69,4.69,2.89,3.79,1.39,3.19,3.59,1.39,3.49,3.49,3.69,3.49,5.69,1.39,1.39,9.9,3.99,5.49,2.49,4.79,4.79,2.99,3.79,3.99,2.79,2.79,4.99,4.99,4.59,4.59,5.49,2.39,4.75,7.99,3.39,3.39,3.39,3.39,3.39,3.79,5.49,3.39,3.39,3.39,3.39,3.39
