"285080, Toorpiim past√∂riseerimata Nopri 1l","804338, Piim kile Rimi 2,5% 1l","200104, Piim Alma 2,5% 1l","200289, Piim Alma kile 2,5% 1l","200091, Piim Tere 2,5% 1l","812489, Piim Rimi 2,5% 1l","263216, Piim Marge UHT 3,2% 1l"
1.6,0.59,0.99,0.79,0.95,0.79,1.19
1.6,0.59,0.99,0.79,0.95,0.79,1.19
1.6,0.59,0.99,0.79,0.95,0.79,1.19
1.6,0.59,0.99,0.79,0.95,0.79,1.19
1.6,0.59,0.99,0.79,0.95,0.79,1.19
1.6,0.59,0.99,0.79,0.95,0.79,1.19
1.6,0.59,0.99,0.79,0.95,0.79,1.19
1.6,0.59,0.99,0.79,0.95,0.79,1.19
1.6,0.59,0.99,0.79,0.95,0.79,1.19
1.6,0.59,0.99,0.79,0.95,0.79,1.19
1.6,0.59,0.99,0.79,0.95,0.79,1.19
1.6,0.59,0.99,0.79,0.95,0.79,1.19
1.6,0.59,0.99,0.79,0.95,0.79,1.19
1.6,0.59,0.99,0.79,0.95,0.79,1.19
1.6,0.59,0.99,0.79,0.95,0.79,1.19
1.6,0.59,0.99,0.79,0.95,0.79,1.19
1.6,0.59,0.99,0.79,0.95,0.79,1.19
1.6,0.59,0.99,0.79,0.95,0.79,1.19
1.6,0.59,0.99,0.79,0.95,0.79,1.19
1.6,0.59,0.99,0.79,0.95,0.79,1.19
1.6,0.59,0.99,0.79,0.95,0.79,1.19
1.6,0.59,0.99,0.79,0.95,0.79,1.19
1.6,0.59,0.99,0.79,0.95,0.79,1.19
1.6,0.59,0.99,0.79,0.95,0.79,1.19
1.6,0.59,0.99,0.79,0.95,0.79,1.19
1.6,0.59,0.99,0.79,0.95,0.79,1.19
1.6,0.59,0.99,0.79,0.95,0.79,1.19
1.6,0.59,0.99,0.79,0.95,0.79,1.19
1.6,0.59,0.99,0.79,0.95,0.79,1.19
1.6,0.59,0.99,0.79,0.95,0.79,1.19
1.6,0.59,0.99,0.79,0.95,0.79,1.19
1.6,0.59,0.99,0.79,0.95,0.79,1.19
1.6,0.59,0.99,0.79,0.95,0.79,1.19
1.6,0.59,0.99,0.79,0.95,0.79,1.19
1.6,0.59,0.99,0.79,0.95,0.79,1.19
1.6,0.59,0.99,0.79,0.95,0.79,1.19
1.6,0.59,0.99,0.79,0.95,0.79,1.19
1.6,0.59,0.99,0.79,0.95,0.79,1.19
1.6,0.59,0.99,0.79,0.95,0.79,1.19
1.6,0.59,0.99,0.79,0.95,0.79,1.19
1.6,0.59,0.99,0.79,0.95,0.79,1.19
1.6,0.59,0.99,0.79,0.95,0.79,1.19
1.6,0.59,0.99,0.79,0.95,0.79,1.19
1.6,0.59,0.99,0.79,0.95,0.79,1.19
1.6,0.59,0.99,0.79,0.95,0.79,1.19
